 	Gene	Drug	Type
0	TP53	BORTEZOMIB	inhibitor
1	EGFR	NERATINIB	inhibitor
2	EGFR	OSIMERTINIB	inhibitor
3	EGFR	TAK-285	inhibitor
4	EGFR	DACOMITINIB	inhibitor
5	EGFR	CUDC-101	inhibitor
6	EGFR	AZD-3759	inhibitor
7	EGFR	AEE-788	inhibitor
8	EGFR	BMS-690514	inhibitor
9	EGFR	IBRUTINIB	inhibitor
10	EGFR	CHEMBL3397300	inhibitor
11	EGFR	PELITINIB	inhibitor
12	EGFR	AC-480	inhibitor
13	EGFR	CANERTINIB	inhibitor
14	EGFR	TARLOXOTINIB	inhibitor
15	EGFR	TUCATINIB	inhibitor
16	EGFR	ERLOTINIB HYDROCHLORIDE	inhibitor
17	EGFR	OSIMERTINIB MESYLATE	inhibitor
18	EGFR	NAZARTINIB	inhibitor
19	EGFR	MAVELERTINIB	inhibitor
20	EGFR	MATUZUMAB	inhibitor
21	EGFR	DOVITINIB	inhibitor
22	EGFR	VARLITINIB	inhibitor
23	EGFR	CHEMBL1951415	inhibitor
24	EGFR	NAQUOTINIB	inhibitor
25	EGFR	CANERTINIB DIHYDROCHLORIDE	inhibitor
26	EGFR	POZIOTINIB	inhibitor
27	EGFR	PD-0166285	inhibitor
28	EGFR	PYROTINIB	inhibitor
29	EGFR	ABIVERTINIB	inhibitor
30	EGFR	MAB-425	inhibitor
31	EGFR	AFATINIB DIMALEATE	inhibitor
32	EGFR	ALLITINIB	inhibitor
33	EGFR	FALNIDAMOL	inhibitor
34	EGFR	AFATINIB	inhibitor
35	EGFR	MP-412	inhibitor
36	EGFR	VANDETANIB	inhibitor
37	EGFR	ROCILETINIB	inhibitor
38	EGFR	SAPITINIB	inhibitor
39	EGFR	TESEVATINIB	inhibitor
40	EGFR	LIFIRAFENIB	inhibitor
41	EGFR	PKI-166	inhibitor
42	EGFR	S-222611	inhibitor
43	EGFR	BRIGATINIB	inhibitor
44	EGFR	THELIATINIB	inhibitor
45	EGFR	ORANTINIB	inhibitor
46	EGFR	LAPATINIB DITOSYLATE	inhibitor
47	EGFR	SIMOTINIB	inhibitor
48	EGFR	ALFLUTINIB	inhibitor
49	EGFR	PUQUITINIB	inhibitor
50	EGFR	CEP-32496	inhibitor
51	EGFR	JNJ-26483327	inhibitor
52	EGFR	AZD-4769	inhibitor
53	EGFR	ACALABRUTINIB	inhibitor
54	EGFR	EPITINIB	inhibitor
55	EGFR	CHEMBL2347958	inhibitor
56	TNF	AFELIMOMAB	inhibitor
57	TNF	INFLIXIMAB	inhibitor
58	TNF	THALIDOMIDE	inhibitor
59	TNF	LENERCEPT	inhibitor
60	TNF	PEGSUNERCEPT	inhibitor
61	TNF	OZORALIZUMAB	inhibitor
62	TNF	PLACULUMAB	inhibitor
63	TNF	AZ9773	inhibitor
64	TNF	ONERCEPT	inhibitor
65	TNF	CERTOLIZUMAB PEGOL	inhibitor
66	TNF	NERELIMOMAB	inhibitor
67	VEGFA	BROLUCIZUMAB	inhibitor
68	VEGFA	CONBERCEPT	inhibitor
69	VEGFA	RANIBIZUMAB	inhibitor
70	VEGFA	MUPARFOSTAT	inhibitor
71	IL6	CLAZAKIZUMAB	inhibitor
72	IL6	OLOKIZUMAB	inhibitor
73	IL6	PF-04236921	inhibitor
74	IL6	SIRUKUMAB	inhibitor
75	IL6	ELSILIMOMAB	inhibitor
76	TGFB1	METELIMUMAB	inhibitor
77	TGFB1	LY-2382770	inhibitor
78	ERBB2	NERATINIB	inhibitor
79	ERBB2	AFATINIB	inhibitor
80	ERBB2	MP-412	inhibitor
81	ERBB2	CANERTINIB	inhibitor
82	ERBB2	TUCATINIB	inhibitor
83	ERBB2	S-222611	inhibitor
84	ERBB2	DACOMITINIB	inhibitor
85	ERBB2	GEFITINIB	inhibitor
86	ERBB2	AC-480	inhibitor
87	ERBB2	BMS-690514	inhibitor
88	ERBB2	VARLITINIB	inhibitor
89	ERBB2	JNJ-26483327	inhibitor
90	ERBB2	MUBRITINIB	inhibitor
91	ERBB2	CANERTINIB DIHYDROCHLORIDE	inhibitor
92	ERBB2	ALLITINIB	inhibitor
93	ERBB2	AEE-788	inhibitor
94	ERBB2	SAPITINIB	inhibitor
95	ERBB2	PYROTINIB	inhibitor
96	ERBB2	POZIOTINIB	inhibitor
97	ERBB2	TAK-285	inhibitor
98	ERBB2	TESEVATINIB	inhibitor
99	ERBB2	CUDC-101	inhibitor
100	ERBB2	IBRUTINIB	inhibitor
101	ERBB2	AFATINIB DIMALEATE	inhibitor
102	ERBB2	VANDETANIB	inhibitor
103	ERBB2	HEMAY-022	inhibitor
104	ERBB2	LAPATINIB DITOSYLATE	inhibitor
105	ERBB2	OSIMERTINIB MESYLATE	inhibitor
106	ERBB2	CP-724714	inhibitor
107	ERBB2	INSM-18	inhibitor
108	ERBB2	TRASTUZUMAB EMTANSINE	inhibitor
109	ERBB2	PELITINIB	inhibitor
110	ERBB2	ACALABRUTINIB	inhibitor
111	ERBB2	FALNIDAMOL	inhibitor
112	ESR1	TESTOSTERONE	inhibitor
113	HIF1A	NITROGLYCERIN	inhibitor
114	HIF1A	PX-478	inhibitor
115	IL10	SCH-708980	inhibitor
116	APP	BAN2401	inhibitor
117	ACE	CAPTOPRIL	inhibitor
118	ACE	BENAZEPRIL	inhibitor
119	ACE	SPIRAPRIL	inhibitor
120	ACE	CANDOXATRIL	inhibitor
121	ACE	ENALAPRIL	inhibitor
122	ACE	QUINAPRILAT	inhibitor
123	ACE	LISINOPRIL HYDRATE	inhibitor
124	ACE	FOSINOPRIL SODIUM	inhibitor
125	ACE	BENAZEPRILAT	inhibitor
126	ACE	TRANDOLAPRILAT	inhibitor
127	ACE	SPIRAPRILAT	inhibitor
128	ACE	RAMIPRILAT	inhibitor
129	ACE	PERINDOPRILAT	inhibitor
130	ACE	IMIDAPRILAT	inhibitor
131	ACE	ZOFENOPRIL	inhibitor
132	ACE	QUINAPRIL	inhibitor
133	ACE	FOSINOPRIL	inhibitor
134	ACE	LISINOPRIL	inhibitor
135	ACE	MOEXIPRIL	inhibitor
136	ACE	RAMIPRIL	inhibitor
137	ACE	CILAZAPRIL	inhibitor
138	ACE	TRANDOLAPRIL	inhibitor
139	ACE	PERINDOPRIL	inhibitor
140	ACE	RESCINNAMINE	inhibitor
141	ACE	SPIRAPRIL HYDROCHLORIDE	inhibitor
142	ACE	BENAZEPRIL HYDROCHLORIDE	inhibitor
143	ACE	IMIDAPRIL	inhibitor
144	ACE	QUINAPRIL HYDROCHLORIDE	inhibitor
145	ACE	FASIDOTRILAT	inhibitor
146	ACE	FASIDOTRIL	inhibitor
147	ACE	ENALAPRILAT	inhibitor
148	ACE	ENALAPRIL MALEATE	inhibitor
149	ACE	PERINDOPRIL ERBUMINE	inhibitor
150	ACE	PERINDOPRIL ARGININE	inhibitor
151	ACE	MOEXIPRIL HYDROCHLORIDE	inhibitor
152	MMP9	MARIMASTAT	inhibitor
153	MMP9	CGS-27023A	inhibitor
154	MMP9	AZD-1236	inhibitor
155	MMP9	ILOMASTAT	inhibitor
156	ABCB1	VOACAMINE	inhibitor
157	ABCB1	TARIQUIDAR	inhibitor
158	ABCB1	ZOSUQUIDAR	inhibitor
159	KRAS	SELUMETINIB	inhibitor
160	KRAS	PELAREOREP	inhibitor
161	KRAS	REGORAFENIB	inhibitor
162	KRAS	LONAFARNIB	inhibitor
163	BRAF	RAF-265	inhibitor
164	BRAF	VEMURAFENIB	inhibitor
165	BRAF	PLX-4720	inhibitor
166	BRAF	DASATINIB	inhibitor
167	BRAF	LIFIRAFENIB	inhibitor
168	BRAF	PLX-8394	inhibitor
169	BRAF	SORAFENIB TOSYLATE	inhibitor
170	BRAF	DABRAFENIB MESYLATE	inhibitor
171	BRAF	RG-7256	inhibitor
172	BRAF	ZELBORAF	inhibitor
173	BRAF	PLX8394	inhibitor
174	BRAF	SORAFENIB	inhibitor
175	BRAF	CHEMBL525191	inhibitor
176	BRAF	TEMSIROLIMUS	inhibitor
177	BRAF	ENCORAFENIB	inhibitor
178	BRAF	LY-3009120	inhibitor
179	BRAF	REGORAFENIB	inhibitor
180	BRAF	CEP-32496	inhibitor
181	BRAF	SB590885	inhibitor
182	BRAF	MLN-2480	inhibitor
183	BRAF	LGX-806	inhibitor
184	BRAF	XL-281	inhibitor
185	BRAF	ARQ-736	inhibitor
186	AKT1	CAPIVASERTIB	inhibitor
187	AKT1	A-443654	inhibitor
188	AKT1	UPROSERTIB	inhibitor
189	AKT1	RESVERATROL	inhibitor
190	AKT1	XL-418	inhibitor
191	AKT1	LY-2780301	inhibitor
192	AKT1	MK-2201	inhibitor
193	AKT1	AZD-5363	inhibitor
194	AKT1	BAY-1125976	inhibitor
195	AKT1	IPATASERTIB	inhibitor
196	AKT1	PERIFOSINE	inhibitor
197	AKT1	CENISERTIB	inhibitor
198	AKT1	AFURESERTIB	inhibitor
199	AKT1	NELFINAVIR	inhibitor
200	AKT1	OMIPALISIB	inhibitor
201	AKT1	MSC-2363318A	inhibitor
202	AKT1	CHEMBL379218	inhibitor
203	AKT1	TRICIRIBINE PHOSPHATE	inhibitor
204	AKT1	EVEROLIMUS	inhibitor
205	AKT1	SR-13668	inhibitor
206	AKT1	GSK-690693	inhibitor
207	PTEN	GSK-2636771	inhibitor
208	PTGS2	KETOPROFEN	inhibitor
209	PTGS2	MELOXICAM	inhibitor
210	PTGS2	BROMFENAC	inhibitor
211	PTGS2	ETORICOXIB	inhibitor
212	PTGS2	ETODOLAC	inhibitor
213	PTGS2	FENOPROFEN	inhibitor
214	PTGS2	LUMIRACOXIB	inhibitor
215	PTGS2	ROFECOXIB	inhibitor
216	PTGS2	KETOROLAC	inhibitor
217	PTGS2	MESALAMINE	inhibitor
218	PTGS2	PARECOXIB	inhibitor
219	PTGS2	DICLOFENAC	inhibitor
220	PTGS2	SALSALATE	inhibitor
221	PTGS2	RESVERATROL	inhibitor
222	PTGS2	BALSALAZIDE	inhibitor
223	PTGS2	CARPROFEN	inhibitor
224	PTGS2	ACETAMINOPHEN	inhibitor
225	PTGS2	MEFENAMIC ACID	inhibitor
226	PTGS2	PIROXICAM	inhibitor
227	PTGS2	NS-398	inhibitor
228	PTGS2	FLURBIPROFEN	inhibitor
229	PTGS2	ESFLURBIPROFEN	inhibitor
230	PTGS2	TOLMETIN SODIUM	inhibitor
231	PTGS2	FENOPROFEN CALCIUM	inhibitor
232	PTGS2	NAPROXCINOD	inhibitor
233	PTGS2	IBUPROFEN LYSINE	inhibitor
234	PTGS2	AMINOSALICYLATE SODIUM	inhibitor
235	PTGS2	FLURBIPROFEN SODIUM	inhibitor
236	PTGS2	BENZQUINAMIDE	inhibitor
237	PTGS2	OXYPHENBUTAZONE	inhibitor
238	PTGS2	AMINOSALICYLATE POTASSIUM	inhibitor
239	PTGS2	DICLOFENAC SODIUM	inhibitor
240	PTGS2	NAPROXEN ETEMESIL	inhibitor
241	PTGS2	NAPROXEN SODIUM	inhibitor
242	PTGS2	NIMESULIDE	inhibitor
243	PTGS2	IBUPROFEN	inhibitor
244	PTGS2	VALDECOXIB	inhibitor
245	PTGS2	NEPAFENAC	inhibitor
246	PTGS2	DEXIBUPROFEN	inhibitor
247	PTGS2	INDOMETHACIN	inhibitor
248	PTGS2	TOLMETIN	inhibitor
249	PTGS2	SULFASALAZINE	inhibitor
250	PTGS2	CELECOXIB	inhibitor
251	PTGS2	TENOXICAM	inhibitor
252	PTGS2	ASPIRIN	inhibitor
253	PTGS2	NAPROXEN	inhibitor
254	PTGS2	SULINDAC	inhibitor
255	PTGS2	NABUMETONE	inhibitor
256	PTGS2	SUPROFEN	inhibitor
257	PTGS2	OXAPROZIN	inhibitor
258	PTGS2	DIFLUNISAL	inhibitor
259	PTGS2	PHENYLBUTAZONE	inhibitor
260	PTGS2	BALSALAZIDE DISODIUM	inhibitor
261	PTGS2	POLMACOXIB	inhibitor
262	PTGS2	IBUPROFEN SODIUM	inhibitor
263	PTGS2	BISMUTH SUBSALICYLATE	inhibitor
264	PTGS2	BROMFENAC SODIUM	inhibitor
265	PTGS2	OXAPROZIN POTASSIUM	inhibitor
266	PTGS2	APRICOXIB	inhibitor
267	PTGS2	MECLOFENAMATE SODIUM	inhibitor
268	PTGS2	DICLOFENAC EPOLAMINE	inhibitor
269	PTGS2	OLSALAZINE SODIUM	inhibitor
270	PTGS2	GW-406381	inhibitor
271	PTGS2	DICLOFENAC POTASSIUM	inhibitor
272	PTGS2	SC-560	inhibitor
273	PTGS2	KETOROLAC TROMETHAMINE	inhibitor
274	NOS3	GW-274150	inhibitor
275	COMT	TOLCAPONE	inhibitor
276	COMT	ENTACAPONE	inhibitor
277	CXCL8	ABX-IL8	inhibitor
278	CXCL8	HUMAX-IL8	inhibitor
279	SNCA	CINPANEMAB	inhibitor
280	TERT	IMETELSTAT SODIUM	inhibitor
281	TERT	IMETELSTAT	inhibitor
282	MTOR	EVEROLIMUS	inhibitor
283	MTOR	GEDATOLISIB	inhibitor
284	MTOR	SIROLIMUS	inhibitor
285	MTOR	TEMSIROLIMUS	inhibitor
286	MTOR	AZD-8055	inhibitor
287	MTOR	DACTOLISIB	inhibitor
288	MTOR	PKI-179	inhibitor
289	MTOR	SAPANISERTIB	inhibitor
290	MTOR	OMIPALISIB	inhibitor
291	MTOR	SF-1126	inhibitor
292	MTOR	SERABELISIB	inhibitor
293	MTOR	CHEMBL561708	inhibitor
294	MTOR	CC-223	inhibitor
295	MTOR	RG-7603	inhibitor
296	MTOR	CC-115	inhibitor
297	MTOR	PI-103	inhibitor
298	MTOR	BIMIRALISIB	inhibitor
299	MTOR	BGT-226	inhibitor
300	MTOR	RIDAFOROLIMUS	inhibitor
301	MTOR	OSI-027	inhibitor
302	MTOR	INFIGRATINIB	inhibitor
303	MTOR	SAMOTOLISIB	inhibitor
304	MTOR	PF-04691502	inhibitor
305	MTOR	AZD-2014	inhibitor
306	MTOR	PANULISIB	inhibitor
307	MTOR	WORTMANNIN	inhibitor
308	MTOR	PALOMID-529	inhibitor
309	MTOR	PWT-33579	inhibitor
310	MTOR	ALPELISIB	inhibitor
311	MTOR	DS-3078A	inhibitor
312	MTOR	BERZOSERTIB	inhibitor
313	MTOR	VISTUSERTIB	inhibitor
314	MTOR	VS-5584	inhibitor
315	MTOR	DS-7423	inhibitor
316	MTOR	APITOLISIB	inhibitor
317	MTOR	BGT-226	inhibitor
318	MTOR	COPANLISIB	inhibitor
319	MTOR	METFORMIN	inhibitor
320	MTOR	VOXTALISIB	inhibitor
321	MTOR	PWT-33587	inhibitor
322	IGF1	DUSIGITUMAB	inhibitor
323	BCL2	PACLITAXEL	inhibitor
324	BCL2	OBATOCLAX	inhibitor
325	BCL2	OBATOCLAX MESYLATE	inhibitor
326	BCL2	BORTEZOMIB	inhibitor
327	IFNG	FONTOLIZUMAB	inhibitor
328	MDM2	RO-5045337	inhibitor
329	JAK2	FEDRATINIB	inhibitor
330	JAK2	AZD-1480	inhibitor
331	JAK2	RUXOLITINIB	inhibitor
332	JAK2	LESTAURTINIB	inhibitor
333	JAK2	AT-9283	inhibitor
334	JAK2	DECERNOTINIB	inhibitor
335	JAK2	CT-1578	inhibitor
336	JAK2	PEFICITINIB	inhibitor
337	JAK2	PACRITINIB	inhibitor
338	JAK2	JNJ-7706621	inhibitor
339	JAK2	ITACITINIB	inhibitor
340	JAK2	CHEMBL2062804	inhibitor
341	JAK2	RUXOLITINIB PHOSPHATE	inhibitor
342	JAK2	FILGOTINIB	inhibitor
343	JAK2	SOLCITINIB	inhibitor
344	JAK2	DELGOCITINIB	inhibitor
345	JAK2	BMS-911543	inhibitor
346	JAK2	ABROCITINIB	inhibitor
347	JAK2	XL-019	inhibitor
348	JAK2	LS-104	inhibitor
349	JAK2	BREPOCITINIB	inhibitor
350	JAK2	MOMELOTINIB	inhibitor
351	JAK2	BARICITINIB	inhibitor
352	JAK2	CERDULATINIB	inhibitor
353	JAK2	TOFACITINIB CITRATE	inhibitor
354	JAK2	AC-430	inhibitor
355	JAK2	ZOTIRACICLIB	inhibitor
356	JAK2	NS-018	inhibitor
357	JAK2	GANDOTINIB	inhibitor
358	JAK2	OCLACITINIB	inhibitor
359	JAK2	REPOTRECTINIB	inhibitor
360	JAK2	RG-1530	inhibitor
361	JAK2	ENTRECTINIB	inhibitor
362	JAK2	RGB-286638	inhibitor
363	JAK2	UPADACITINIB	inhibitor
364	MMP2	MARIMASTAT	inhibitor
365	MMP2	TANOMASTAT	inhibitor
366	MMP2	CGS-27023A	inhibitor
367	MMP2	ILOMASTAT	inhibitor
368	MAPK1	MK-8353	inhibitor
369	MAPK1	RAVOXERTINIB	inhibitor
370	MAPK1	ULIXERTINIB	inhibitor
371	MAPK1	CHIR-99021	inhibitor
372	CCND1	PALBOCICLIB	inhibitor
373	CCND1	BRICICLIB	inhibitor
374	SERPINE1	ALEPLASININ	inhibitor
375	CCL2	CARLUMAB	inhibitor
376	PIK3CA	PICTILISIB	inhibitor
377	PIK3CA	ALPELISIB	inhibitor
378	PIK3CA	VS-5584	inhibitor
379	PIK3CA	FIMEPINOSTAT	inhibitor
380	PIK3CA	OMIPALISIB	inhibitor
381	PIK3CA	QUERCETIN	inhibitor
382	PIK3CA	PANULISIB	inhibitor
383	PIK3CA	TASELISIB	inhibitor
384	PIK3CA	PI-103	inhibitor
385	PIK3CA	PILARALISIB	inhibitor
386	PIK3CA	PF-04691502	inhibitor
387	PIK3CA	SONOLISIB	inhibitor
388	PIK3CA	AMG-319	inhibitor
389	PIK3CA	LENIOLISIB	inhibitor
390	PIK3CA	PWT-33587	inhibitor
391	PIK3CA	RG-7666	inhibitor
392	PIK3CA	DEZAPELISIB	inhibitor
393	PIK3CA	BGT-226	inhibitor
394	PIK3CA	RECILISIB	inhibitor
395	PIK3CA	GSK-2636771	inhibitor
396	PIK3CA	SAR-260301	inhibitor
397	PIK3CA	NEMIRALISIB	inhibitor
398	PIK3CA	INK-1117	inhibitor
399	PIK3CA	BAY-1082439	inhibitor
400	PIK3CA	ACALISIB	inhibitor
401	PIK3CA	TENALISIB	inhibitor
402	PIK3CA	BIMIRALISIB	inhibitor
403	PIK3CA	GDC-0077	inhibitor
404	PIK3CA	DS-7423	inhibitor
405	PIK3CA	APITOLISIB	inhibitor
406	PIK3CA	INFIGRATINIB	inhibitor
407	PIK3CA	SAPANISERTIB	inhibitor
408	PIK3CA	PKI-179	inhibitor
409	PIK3CA	IDELALISIB	inhibitor
410	PIK3CA	AZD-8835	inhibitor
411	PIK3CA	VOXTALISIB	inhibitor
412	PIK3CA	BUPARLISIB	inhibitor
413	PIK3CA	DACTOLISIB	inhibitor
414	PIK3CA	PA-799	inhibitor
415	PIK3CA	SERABELISIB	inhibitor
416	PIK3CA	COPANLISIB	inhibitor
417	PIK3CA	GEDATOLISIB	inhibitor
418	PIK3CA	SAMOTOLISIB	inhibitor
419	PIK3CA	WORTMANNIN	inhibitor
420	PIK3CA	GSK-1059615	inhibitor
421	PIK3CA	WX-037	inhibitor
422	PIK3CA	AZD-6482	inhibitor
423	PIK3CA	PWT-33579	inhibitor
424	PIK3CA	SF-1126	inhibitor
425	PIK3CA	PUQUITINIB	inhibitor
426	PIK3CA	AZD-8186	inhibitor
427	PIK3CA	ZSTK-474	inhibitor
428	PIK3CA	SELETALISIB	inhibitor
429	PIK3CA	DUVELISIB	inhibitor
430	PIK3CA	CHEMBL1086377	inhibitor
431	SIRT1	CAMBINOL	inhibitor
432	SIRT1	SPLITOMICIN	inhibitor
433	GSTP1	EZATIOSTAT HYDROCHLORIDE	inhibitor
434	NOTCH1	RG-4733	inhibitor
435	NOTCH1	NIROGACESTAT	inhibitor
436	MET	FORETINIB	inhibitor
437	MET	GOLVATINIB	inhibitor
438	MET	CAPMATINIB	inhibitor
439	MET	SAR-125844	inhibitor
440	MET	TAS-115	inhibitor
441	MET	AMUVATINIB	inhibitor
442	MET	AMG-208	inhibitor
443	MET	BPI-9016	inhibitor
444	MET	ARRY-300	inhibitor
445	MET	JNJ-38877605	inhibitor
446	MET	TANESPIMYCIN	inhibitor
447	MET	MK-2461	inhibitor
448	MET	EMD-1204831	inhibitor
449	MET	SGX-523	inhibitor
450	MET	TIVANTINIB	inhibitor
451	MET	COMETRIQ	inhibitor
452	MET	CABOZANTINIB S-MALATE	inhibitor
453	MET	ENSARTINIB	inhibitor
454	MET	BMS-817378	inhibitor
455	MET	BMS-698769	inhibitor
456	MET	CRIZOTINIB	inhibitor
457	MET	PHA-665752	inhibitor
458	MET	ALTIRATINIB	inhibitor
459	MET	SAVOLITINIB	inhibitor
460	MET	BMS-777607	inhibitor
461	MET	GLESATINIB	inhibitor
462	MET	TEPOTINIB	inhibitor
463	MET	ALECTINIB	inhibitor
464	MET	AMG-337	inhibitor
465	MET	MK-8033	inhibitor
466	MET	TELISOTUZUMAB	inhibitor
467	MET	PF-04217903	inhibitor
468	MET	CRENOLANIB	inhibitor
469	MET	BMS-794833	inhibitor
470	MET	SITRAVATINIB	inhibitor
471	MET	MERESTINIB	inhibitor
472	MET	MGCD-265	inhibitor
473	ATM	AZD-0156	inhibitor
474	ATM	BERZOSERTIB	inhibitor
475	ATM	KU-55933	inhibitor
476	KIT	PEXIDARTINIB	inhibitor
477	KIT	QUIZARTINIB	inhibitor
478	KIT	SUNITINIB	inhibitor
479	KIT	PONATINIB	inhibitor
480	KIT	LENVATINIB	inhibitor
481	KIT	MOTESANIB	inhibitor
482	KIT	CABOZANTINIB	inhibitor
483	KIT	AVAPRITINIB	inhibitor
484	KIT	RIPRETINIB	inhibitor
485	KIT	ENMD-2076	inhibitor
486	KIT	LINIFANIB	inhibitor
487	KIT	RG-1530	inhibitor
488	KIT	MASITINIB	inhibitor
489	KIT	VATALANIB	inhibitor
490	KIT	CEDIRANIB	inhibitor
491	KIT	DOVITINIB	inhibitor
492	KIT	SUNITINIB MALATE	inhibitor
493	KIT	CHEMBL1908395	inhibitor
494	KIT	HENATINIB	inhibitor
495	KIT	CHEMBL406375	inhibitor
496	KIT	CRENOLANIB	inhibitor
497	KIT	ILORASERTIB	inhibitor
498	KIT	LUCITANIB	inhibitor
499	KIT	FLUMATINIB	inhibitor
500	KIT	RIVOCERANIB	inhibitor
501	KIT	IMATINIB MESYLATE	inhibitor
502	KIT	XL-820	inhibitor
503	KIT	OSI-930	inhibitor
504	KIT	CHEMBL1908396	inhibitor
505	KIT	REGORAFENIB	inhibitor
506	KIT	PAZOPANIB	inhibitor
507	KIT	AMUVATINIB	inhibitor
508	KIT	XL-999	inhibitor
509	KIT	SORAFENIB TOSYLATE	inhibitor
510	KIT	ANLOTINIB	inhibitor
511	KIT	FORETINIB	inhibitor
512	KIT	TELATINIB	inhibitor
513	KIT	CM-082	inhibitor
514	KIT	SEMAXANIB	inhibitor
515	KIT	AXITINIB	inhibitor
516	KIT	TANDUTINIB	inhibitor
517	KIT	PAZOPANIB HYDROCHLORIDE	inhibitor
518	KIT	FAMITINIB	inhibitor
519	KIT	AKN-028	inhibitor
520	KIT	SU-014813	inhibitor
521	KIT	SITRAVATINIB	inhibitor
522	KIT	AST-487	inhibitor
523	KIT	EDICOTINIB	inhibitor
524	KIT	CENISERTIB	inhibitor
525	EZH2	PF-06821497	inhibitor
526	EZH2	TAZEMETOSTAT	inhibitor
527	EZH2	CPI-1205	inhibitor
528	SPP1	ASK-8007	inhibitor
529	GSK3B	LY-2090314	inhibitor
530	GSK3B	AZD-1080	inhibitor
531	GSK3B	VORUCICLIB	inhibitor
532	GSK3B	CHIR-99021	inhibitor
533	GSK3B	BX-795	inhibitor
534	GSK3B	LITHIUM	inhibitor
535	GSK3B	ALSTERPAULLONE	inhibitor
536	GSK3B	KENPAULLONE	inhibitor
537	GSK3B	ISOGRANULATIMIDE	inhibitor
538	GSK3B	CHEMBL1236539	inhibitor
539	GSK3B	AT-9283	inhibitor
540	GSK3B	RGB-286638	inhibitor
541	GSK3B	LITHIUM CARBONATE	inhibitor
542	GSK3B	LITHIUM CITRATE	inhibitor
543	GSK3B	CHEMBL322970	inhibitor
544	MAPK14	DORAMAPIMOD	inhibitor
545	MAPK14	NEFLAMAPIMOD	inhibitor
546	MAPK14	PH-797804	inhibitor
547	MAPK14	SD-0006	inhibitor
548	MAPK14	R-1487	inhibitor
549	MAPK14	LY-3007113	inhibitor
550	MAPK14	LEO-15520	inhibitor
551	MAPK14	AVE-9940	inhibitor
552	MAPK14	SC-80036	inhibitor
553	MAPK14	PG-760564	inhibitor
554	MAPK14	CHEMBL1951415	inhibitor
555	MAPK14	FX-005	inhibitor
556	MAPK14	PF-03715455	inhibitor
557	MAPK14	BMS-582949	inhibitor
558	MAPK14	ACUMAPIMOD	inhibitor
559	MAPK14	KC-706	inhibitor
560	MAPK14	AZD-7624	inhibitor
561	MAPK14	PEXMETINIB	inhibitor
562	MAPK14	TA-5493	inhibitor
563	MAPK14	DILMAPIMOD	inhibitor
564	MAPK14	AMG-548	inhibitor
565	MAPK14	TALMAPIMOD	inhibitor
566	MAPK14	RO-3201195	inhibitor
567	MAPK14	PS-516895	inhibitor
568	MAPK14	RALIMETINIB	inhibitor
569	MAPK14	LOSMAPIMOD	inhibitor
570	MAPK14	ARRY-797	inhibitor
571	MAPK14	SB-85635	inhibitor
572	MAPK14	PAMAPIMOD	inhibitor
573	MAPK14	GSK-610677	inhibitor
574	MAPK14	TAK-715	inhibitor
575	MAPK14	RWJ-67657	inhibitor
576	MAPK14	CHEMBL1236539	inhibitor
577	MAPK14	VX-702	inhibitor
578	MAPK14	SCIO-323	inhibitor
579	MAPK14	AZD-6703	inhibitor
580	MAPK14	SEMAPIMOD	inhibitor
581	IL4	PASCOLIZUMAB	inhibitor
582	IGF1R	HESPERADIN	inhibitor
583	IGF1R	CHEMBL401930	inhibitor
584	IGF1R	AXL-1717	inhibitor
585	IGF1R	BMS-754807	inhibitor
586	IGF1R	PL-225B	inhibitor
587	IGF1R	XL-228	inhibitor
588	IGF1R	CERITINIB	inhibitor
589	IGF1R	BRIGATINIB	inhibitor
590	IGF1R	KW-2450	inhibitor
591	IGF1R	AEW-541	inhibitor
592	IGF1R	LINSITINIB	inhibitor
593	IGF1R	INSM-18	inhibitor
594	PARP1	VELIPARIB	inhibitor
595	PARP1	TALAZOPARIB	inhibitor
596	PARP1	RUCAPARIB CAMSYLATE	inhibitor
597	PARP1	INIPARIB	inhibitor
598	PARP1	OLAPARIB	inhibitor
599	PARP1	TALAZOPARIB TOSYLATE	inhibitor
600	RET	LENVATINIB	inhibitor
601	RET	MOTESANIB	inhibitor
602	RET	SORAFENIB	inhibitor
603	RET	SUNITINIB	inhibitor
604	RET	VANDETANIB	inhibitor
605	RET	HESPERADIN	inhibitor
606	RET	PONATINIB	inhibitor
607	RET	AST-487	inhibitor
608	RET	TAFETINIB	inhibitor
609	RET	LINIFANIB	inhibitor
610	RET	LUCITANIB	inhibitor
611	RET	PRALSETINIB	inhibitor
612	RET	CEP-11981	inhibitor
613	RET	AMUVATINIB	inhibitor
614	RET	LESTAURTINIB	inhibitor
615	RET	TOZASERTIB	inhibitor
616	RET	IMATINIB	inhibitor
617	RET	REGORAFENIB	inhibitor
618	RET	CEP-32496	inhibitor
619	RET	RIVOCERANIB	inhibitor
620	RET	QUIZARTINIB	inhibitor
621	RET	CEP-2563	inhibitor
622	RET	GILTERITINIB	inhibitor
623	RET	AT-9283	inhibitor
624	RET	ALECTINIB HYDROCHLORIDE	inhibitor
625	RET	SORAFENIB TOSYLATE	inhibitor
626	RET	SUNITINIB MALATE	inhibitor
627	RET	RG-1530	inhibitor
628	SRC	NINTEDANIB	inhibitor
629	SRC	PONATINIB	inhibitor
630	SRC	JNJ-26483327	inhibitor
631	SRC	ENMD-2076	inhibitor
632	SRC	AZM-475271	inhibitor
633	SRC	AZD-0424	inhibitor
634	SRC	SARACATINIB	inhibitor
635	SRC	KX2-391	inhibitor
636	SRC	HESPERADIN	inhibitor
637	SRC	BOSUTINIB	inhibitor
638	SRC	ILORASERTIB	inhibitor
639	SRC	BALAMAPIMOD	inhibitor
640	SRC	KX2-361	inhibitor
641	SRC	PD-0166285	inhibitor
642	SRC	DORSOMORPHIN	inhibitor
643	SRC	VANDETANIB	inhibitor
644	SRC	ACALABRUTINIB	inhibitor
645	SRC	TG100-801	inhibitor
646	SRC	IBRUTINIB	inhibitor
647	SRC	ENMD-981693	inhibitor
648	SRC	XL-228	inhibitor
649	ITGB1	ABITUZUMAB	inhibitor
650	GJB2	CARBENOXOLONE	inhibitor
651	GJB2	OCTANOL	inhibitor
652	ITGB3	EPTIFIBATIDE	inhibitor
653	ITGB3	TIROFIBAN HYDROCHLORIDE	inhibitor
654	ITGB3	ABITUZUMAB	inhibitor
655	CASP3	EMRICASAN	inhibitor
656	CYP1A1	CHRYSIN	inhibitor
657	PRKDC	CHEMBL1086377	inhibitor
658	PRKDC	CHEMBL188678	inhibitor
659	PRKDC	WORTMANNIN	inhibitor
660	PRKDC	CC-115	inhibitor
661	PRKDC	PI-103	inhibitor
662	MAPK3	ULIXERTINIB	inhibitor
663	MAPK3	RAVOXERTINIB	inhibitor
664	MAPK3	MK-8353	inhibitor
665	MMP1	MARIMASTAT	inhibitor
666	MMP1	APRATASTAT	inhibitor
667	MMP1	ILOMASTAT	inhibitor
668	MMP1	DOXYCYCLINE HYCLATE	inhibitor
669	MMP1	DOXYCYCLINE	inhibitor
670	MMP1	DOXYCYCLINE CALCIUM	inhibitor
671	MMP1	CIPEMASTAT	inhibitor
672	MMP1	BATIMASTAT	inhibitor
673	MMP1	CGS-27023A	inhibitor
674	GJA1	CARBENOXOLONE	inhibitor
675	GJA1	OCTANOL	inhibitor
676	KDR	CEDIRANIB	inhibitor
677	KDR	HESPERADIN	inhibitor
678	KDR	PAZOPANIB	inhibitor
679	KDR	LUCITANIB	inhibitor
680	KDR	REGORAFENIB	inhibitor
681	KDR	VANDETANIB	inhibitor
682	KDR	PF-00337210	inhibitor
683	KDR	VATALANIB	inhibitor
684	KDR	SEMAXANIB	inhibitor
685	KDR	SU-014813	inhibitor
686	KDR	CHIAURANIB	inhibitor
687	KDR	ENMD-981693	inhibitor
688	KDR	GLESATINIB	inhibitor
689	KDR	BMS-690514	inhibitor
690	KDR	CEP-11981	inhibitor
691	KDR	FORETINIB	inhibitor
692	KDR	TAK-593	inhibitor
693	KDR	X-82	inhibitor
694	KDR	XL-999	inhibitor
695	KDR	4SC-203	inhibitor
696	KDR	MGCD-265	inhibitor
697	KDR	AEE-788	inhibitor
698	KDR	NINTEDANIB ESYLATE	inhibitor
699	KDR	CENISERTIB	inhibitor
700	KDR	CABOZANTINIB S-MALATE	inhibitor
701	KDR	TELATINIB	inhibitor
702	KDR	AST-487	inhibitor
703	KDR	DOVITINIB	inhibitor
704	KDR	SURUFATINIB	inhibitor
705	KDR	CEP-7055	inhibitor
706	KDR	BX-795	inhibitor
707	KDR	SORAFENIB TOSYLATE	inhibitor
708	KDR	TG100-801	inhibitor
709	KDR	SITRAVATINIB	inhibitor
710	KDR	PEGDINETANIB	inhibitor
711	KDR	TAFETINIB	inhibitor
712	KDR	SUNITINIB MALATE	inhibitor
713	KDR	HENATINIB	inhibitor
714	KDR	PLX-4720	inhibitor
715	KDR	KRN-633	inhibitor
716	KDR	AG-13958	inhibitor
717	KDR	ZD-4190	inhibitor
718	KDR	BMS-817378	inhibitor
719	KDR	L-21649	inhibitor
720	KDR	SUNITINIB	inhibitor
721	KDR	PONATINIB	inhibitor
722	KDR	BRIVANIB	inhibitor
723	KDR	TAS-115	inhibitor
724	KDR	NINTEDANIB	inhibitor
725	KDR	AXITINIB	inhibitor
726	KDR	MOTESANIB	inhibitor
727	KDR	LENVATINIB	inhibitor
728	KDR	CEP-5214	inhibitor
729	KDR	PAZOPANIB HYDROCHLORIDE	inhibitor
730	KDR	ILORASERTIB	inhibitor
731	KDR	LY-2874455	inhibitor
732	KDR	ENMD-2076	inhibitor
733	KDR	CHEMBL1908396	inhibitor
734	KDR	FRUQUINTINIB	inhibitor
735	KDR	MK-2461	inhibitor
736	KDR	RIVOCERANIB	inhibitor
737	KDR	CP-459632	inhibitor
738	KDR	TIVOZANIB	inhibitor
739	KDR	BRIVANIB ALANINATE	inhibitor
740	KDR	LINIFANIB	inhibitor
741	KDR	GOLVATINIB	inhibitor
742	KDR	RG-1530	inhibitor
743	KDR	ALTIRATINIB	inhibitor
744	KDR	OSI-930	inhibitor
745	KDR	ORANTINIB	inhibitor
746	KDR	LENVATINIB MESYLATE	inhibitor
747	KDR	RAF-265	inhibitor
748	KDR	BMS-794833	inhibitor
749	KDR	CM-082	inhibitor
750	KDR	XL-820	inhibitor
751	KDR	ANLOTINIB	inhibitor
752	KDR	TESEVATINIB	inhibitor
753	KDR	OSI-632	inhibitor
754	KDR	DORSOMORPHIN	inhibitor
755	KDR	FAMITINIB	inhibitor
756	KDR	JI-101	inhibitor
757	KDR	RABEPRAZOLE SODIUM	inhibitor
758	KDR	CYC-116	inhibitor
759	KDR	INFIGRATINIB	inhibitor
760	KDR	PRALSETINIB	inhibitor
761	KDR	PUQUITINIB	inhibitor
762	KDR	PEXIDARTINIB	inhibitor
763	BAX	BORTEZOMIB	inhibitor
764	CYP3A4	RITONAVIR	inhibitor
765	CYP3A4	KETOCONAZOLE	inhibitor
766	CYP3A4	TROLEANDOMYCIN	inhibitor
767	CYP3A4	AMG-337	inhibitor
768	CYP3A4	VOXELOTOR	inhibitor
769	CYP3A4	VERAPAMIL	inhibitor
770	CYP3A4	NEFAZODONE	inhibitor
771	CYP3A4	CHEMBL401930	inhibitor
772	CYP19A1	EXEMESTANE	inhibitor
773	CYP19A1	TESTOLACTONE	inhibitor
774	CYP19A1	NARINGENIN	inhibitor
775	CYP19A1	ARIMIDEX	inhibitor
776	CYP19A1	AMINOGLUTETHIMIDE	inhibitor
777	CYP19A1	ANASTROZOLE	inhibitor
778	CYP19A1	FADROZOLE	inhibitor
779	CYP19A1	AZALANSTAT	inhibitor
780	CYP19A1	ENDOXIFEN	inhibitor
781	PTK2	CEP-37440	inhibitor
782	PTK2	ENMD-2076	inhibitor
783	PTK2	PF-00562271	inhibitor
784	PTK2	DEFACTINIB	inhibitor
785	PTK2	GSK-2256098	inhibitor
786	PTK2	BI-853520	inhibitor
787	PTK2	HESPERADIN	inhibitor
788	PTK2	MASITINIB	inhibitor
789	PTK2	VS-4718	inhibitor
790	IDH1	OLUTASIDENIB	inhibitor
791	IDH1	IVOSIDENIB	inhibitor
792	ALK	CRIZOTINIB	inhibitor
793	ALK	CHEMBL3397300	inhibitor
794	ALK	ENSARTINIB	inhibitor
795	ALK	TAE-684	inhibitor
796	ALK	REPOTRECTINIB	inhibitor
797	ALK	GANETESPIB	inhibitor
798	ALK	LORLATINIB	inhibitor
799	ALK	BRIGATINIB	inhibitor
800	ALK	HESPERADIN	inhibitor
801	ALK	ALECTINIB	inhibitor
802	ALK	ASP-3026	inhibitor
803	ALK	GILTERITINIB	inhibitor
804	ALK	CRENOLANIB	inhibitor
805	ALK	ALECTINIB HYDROCHLORIDE	inhibitor
806	ALK	CEP-37440	inhibitor
807	UGT1A1	RITONAVIR	inhibitor
808	CD14	IC14	inhibitor
809	EP300	GARCINOL	inhibitor
810	EP300	CURCUMIN	inhibitor
811	EP300	PLUMBAGIN	inhibitor
812	NOS2	1400W	inhibitor
813	NOS2	DOXYCYCLINE	inhibitor
814	NOS2	GW-274150	inhibitor
815	NOS2	PIMAGEDINE	inhibitor
816	ABCA1	PROBUCOL	inhibitor
817	FGF2	MUPARFOSTAT	inhibitor
818	IL1A	BERMEKIMAB	inhibitor
819	HSP90AA1	TANESPIMYCIN	inhibitor
820	HSP90AA1	RETASPIMYCIN	inhibitor
821	HSP90AA1	RETASPIMYCIN HYDROCHLORIDE	inhibitor
822	HSP90AA1	ALVESPIMYCIN	inhibitor
823	HSP90AA1	ONALESPIB	inhibitor
824	HSP90AA1	GANETESPIB	inhibitor
825	HSP90AA1	BIIB021	inhibitor
826	HSP90AA1	XL-888	inhibitor
827	TLR9	CHLOROQUINE	inhibitor
828	CASP8	EMRICASAN	inhibitor
829	CASP8	NIVOCASAN	inhibitor
830	MAPK8	CC-401	inhibitor
831	MAPK8	HESPERADIN	inhibitor
832	MAPK8	HALICIN	inhibitor
833	MAPK8	PAMAPIMOD	inhibitor
834	MAPK8	TANZISERTIB	inhibitor
835	MAPK8	BENTAMAPIMOD	inhibitor
836	PRKCA	BALANOL	inhibitor
837	PRKCA	QUERCETIN	inhibitor
838	PRKCA	UCN-01	inhibitor
839	PRKCA	CHEMBL1236539	inhibitor
840	PRKCA	CEP-2563	inhibitor
841	PRKCA	ENZASTAURIN	inhibitor
842	PRKCA	RUBOXISTAURIN	inhibitor
843	PRKCA	GSK-690693	inhibitor
844	PRKCA	SOTRASTAURIN	inhibitor
845	FLT1	SUNITINIB	inhibitor
846	FLT1	AXITINIB	inhibitor
847	FLT1	CEP-5214	inhibitor
848	FLT1	PAZOPANIB	inhibitor
849	FLT1	LENVATINIB	inhibitor
850	FLT1	NINTEDANIB	inhibitor
851	FLT1	VATALANIB	inhibitor
852	FLT1	LUCITANIB	inhibitor
853	FLT1	XL-820	inhibitor
854	FLT1	FAMITINIB	inhibitor
855	FLT1	L-21649	inhibitor
856	FLT1	FRUQUINTINIB	inhibitor
857	FLT1	BRIVANIB ALANINATE	inhibitor
858	FLT1	GLESATINIB	inhibitor
859	FLT1	SUNITINIB MALATE	inhibitor
860	FLT1	TG100-801	inhibitor
861	FLT1	ORANTINIB	inhibitor
862	FLT1	4SC-203	inhibitor
863	FLT1	DORSOMORPHIN	inhibitor
864	FLT1	BRIVANIB	inhibitor
865	FLT1	VANDETANIB	inhibitor
866	FLT1	CP-459632	inhibitor
867	FLT1	PEXIDARTINIB	inhibitor
868	FLT1	XL-999	inhibitor
869	FLT1	KRN-633	inhibitor
870	FLT1	TIVOZANIB	inhibitor
871	FLT1	RABEPRAZOLE SODIUM	inhibitor
872	FLT1	OSI-930	inhibitor
873	FLT1	CEP-11981	inhibitor
874	FLT1	BMS-690514	inhibitor
875	FLT1	SORAFENIB TOSYLATE	inhibitor
876	FLT1	SURUFATINIB	inhibitor
877	FLT1	PAZOPANIB HYDROCHLORIDE	inhibitor
878	FLT1	CHIAURANIB	inhibitor
879	FLT1	SU-014813	inhibitor
880	FLT1	MGCD-265	inhibitor
881	FLT1	ENMD-2076	inhibitor
882	FLT1	CEDIRANIB	inhibitor
883	FLT1	REGORAFENIB	inhibitor
884	FLT1	TAK-593	inhibitor
885	FLT1	FORETINIB	inhibitor
886	FLT1	MOTESANIB	inhibitor
887	FLT1	SORAFENIB	inhibitor
888	FLT1	NINTEDANIB ESYLATE	inhibitor
889	FLT1	MK-2461	inhibitor
890	FLT1	SITRAVATINIB	inhibitor
891	FLT1	LENVATINIB MESYLATE	inhibitor
892	FLT1	AEE-788	inhibitor
893	FLT1	X-82	inhibitor
894	FLT1	CEP-7055	inhibitor
895	FLT1	PEXMETINIB	inhibitor
896	FLT1	TESEVATINIB	inhibitor
897	FLT1	ILORASERTIB	inhibitor
898	FLT1	LINIFANIB	inhibitor
899	FLT1	DOVITINIB	inhibitor
900	FLT1	AG-13958	inhibitor
901	FLT1	SEMAXANIB	inhibitor
902	FLT1	RG-1530	inhibitor
903	HRAS	LONAFARNIB	inhibitor
904	ABL1	PONATINIB	inhibitor
905	ABL1	BAFETINIB	inhibitor
906	ABL1	FLUMATINIB	inhibitor
907	ABL1	PF-114	inhibitor
908	ABL1	SARACATINIB	inhibitor
909	ABL1	XL-228	inhibitor
910	ABL1	IMATINIB	inhibitor
911	ABL1	NILOTINIB	inhibitor
912	ABL1	BOSUTINIB	inhibitor
913	ABL1	ADENOSINE TRIPHOSPHATE	inhibitor
914	ABL1	REBASTINIB	inhibitor
915	ABL1	NILOTINIB HYDROCHLORIDE MONOHYDRATE	inhibitor
916	ABL1	PONATINIB HYDROCHLORIDE	inhibitor
917	ABL1	REGORAFENIB	inhibitor
918	ABL1	AZM-475271	inhibitor
919	ABL1	IMATINIB MESYLATE	inhibitor
920	ABL1	PEXMETINIB	inhibitor
921	ABL1	AT-9283	inhibitor
922	ABL1	AZD-0424	inhibitor
923	ABL1	CENISERTIB	inhibitor
924	ABL1	KW-2449	inhibitor
925	AURKA	MLN-8054	inhibitor
926	AURKA	HESPERADIN	inhibitor
927	AURKA	CYC-116	inhibitor
928	AURKA	MK-6592	inhibitor
929	AURKA	GSK-1070916	inhibitor
930	AURKA	AMG-900	inhibitor
931	AURKA	JNJ-7706621	inhibitor
932	AURKA	CHEMBL1765740	inhibitor
933	AURKA	SNS-314	inhibitor
934	AURKA	DUBERMATINIB	inhibitor
935	AURKA	CENISERTIB	inhibitor
936	AURKA	DANUSERTIB	inhibitor
937	AURKA	TAS-119	inhibitor
938	AURKA	PF-00562271	inhibitor
939	AURKA	BARASERTIB	inhibitor
940	AURKA	AT-9283	inhibitor
941	AURKA	ILORASERTIB	inhibitor
942	AURKA	PF-03814735	inhibitor
943	AURKA	TOZASERTIB	inhibitor
944	AURKA	ENMD-981693	inhibitor
945	AURKA	RG-1530	inhibitor
946	AURKA	KW-2449	inhibitor
947	AURKA	MK-5108	inhibitor
948	AURKA	TTP-607	inhibitor
949	AURKA	ALISERTIB	inhibitor
950	AURKA	ENMD-2076	inhibitor
951	HDAC1	SCRIPTAID	inhibitor
952	HDAC1	MOCETINOSTAT	inhibitor
953	HDAC1	TACEDINALINE	inhibitor
954	HDAC1	BELINOSTAT	inhibitor
955	HDAC1	GIVINOSTAT	inhibitor
956	HDAC1	NANATINOSTAT	inhibitor
957	HDAC1	ABEXINOSTAT	inhibitor
958	HDAC1	RESMINOSTAT	inhibitor
959	HDAC1	CUDC-101	inhibitor
960	HDAC1	TUCIDINOSTAT	inhibitor
961	HDAC1	CITARINOSTAT	inhibitor
962	HDAC1	RICOLINOSTAT	inhibitor
963	HDAC1	PANOBINOSTAT	inhibitor
964	HDAC1	APICIDIN	inhibitor
965	HDAC1	ENTINOSTAT	inhibitor
966	HDAC1	VORINOSTAT	inhibitor
967	HDAC1	DEPAKOTE	inhibitor
968	HDAC1	PRACINOSTAT	inhibitor
969	HDAC1	QUISINOSTAT	inhibitor
970	HDAC1	AN-9	inhibitor
971	HDAC1	PANOBINOSTAT LACTATE	inhibitor
972	HDAC1	DACINOSTAT	inhibitor
973	HDAC1	FIMEPINOSTAT	inhibitor
974	MPO	PF-06282999	inhibitor
975	MPO	VERDIPERSTAT	inhibitor
976	MMP3	CHEMBL117225	inhibitor
977	MMP3	CGS-27023A	inhibitor
978	MMP3	BATIMASTAT	inhibitor
979	IGF2	DUSIGITUMAB	inhibitor
980	MAOA	METHAMPHETAMINE	inhibitor
981	MAOA	ISOCARBOXAZID	inhibitor
982	MAOA	TRANYLCYPROMINE	inhibitor
983	MAOA	LINEZOLID	inhibitor
984	MAOA	INDANTADOL	inhibitor
985	MAOA	PARGYLINE HYDROCHLORIDE	inhibitor
986	MAOA	SELEGILINE	inhibitor
987	MAOA	CLORGILINE	inhibitor
988	MAOA	PHENELZINE SULFATE	inhibitor
989	MAOA	BEFLOXATONE	inhibitor
990	CYP3A5	RITONAVIR	inhibitor
991	CYP3A5	COBICISTAT	inhibitor
992	MCL1	OBATOCLAX MESYLATE	inhibitor
993	PLK1	BI-2536	inhibitor
994	PLK1	NMS-1286937	inhibitor
995	PLK1	CAFUSERTIB	inhibitor
996	PLK1	HMN-214	inhibitor
997	PLK1	GSK-579289A	inhibitor
998	PLK1	MK-1496	inhibitor
999	PLK1	ONVANSERTIB	inhibitor
1000	PLK1	TAK-960	inhibitor
1001	PLK1	GSK-461364	inhibitor
1002	PLK1	VOLASERTIB	inhibitor
1003	FGFR2	INFIGRATINIB	inhibitor
1004	FGFR2	ERDAFITINIB	inhibitor
1005	FGFR2	DERAZANTINIB	inhibitor
1006	FGFR2	ENMD-981693	inhibitor
1007	FGFR2	NINTEDANIB ESYLATE	inhibitor
1008	FGFR2	XL-999	inhibitor
1009	FGFR2	AZD-4547	inhibitor
1010	FGFR2	CP-459632	inhibitor
1011	FGFR2	RABEPRAZOLE SODIUM	inhibitor
1012	FGFR2	XL-228	inhibitor
1013	FGFR2	LUCITANIB	inhibitor
1014	FGFR2	BRIVANIB	inhibitor
1015	FGFR2	DOVITINIB	inhibitor
1016	FGFR2	NINTEDANIB	inhibitor
1017	FGFR2	PONATINIB	inhibitor
1018	FGFR2	LENVATINIB	inhibitor
1019	FGFR2	ROGARATINIB	inhibitor
1020	FGFR2	FUTIBATINIB	inhibitor
1021	FGFR2	MK-2461	inhibitor
1022	FGFR2	DEBIO-1347	inhibitor
1023	FGFR2	RG-1530	inhibitor
1024	FGFR2	ORANTINIB	inhibitor
1025	FGFR2	BRIVANIB ALANINATE	inhibitor
1026	FGFR2	REGORAFENIB	inhibitor
1027	FGFR2	MASITINIB	inhibitor
1028	FGFR2	LY-2874455	inhibitor
1029	FGFR2	TG100-801	inhibitor
1030	CXCL10	NI-0801	inhibitor
1031	INSR	BMS-754807	inhibitor
1032	INSR	KW-2450	inhibitor
1033	INSR	DOVITINIB	inhibitor
1034	INSR	CERITINIB	inhibitor
1035	INSR	HESPERADIN	inhibitor
1036	INSR	CHEMBL401930	inhibitor
1037	INSR	LINSITINIB	inhibitor
1038	TNFSF11	LENALIDOMIDE	inhibitor
1039	CDK1	ALSTERPAULLONE	inhibitor
1040	CDK1	SELICICLIB	inhibitor
1041	CDK1	MILCICLIB	inhibitor
1042	CDK1	AG-24322	inhibitor
1043	CDK1	CHIR-99021	inhibitor
1044	CDK1	CHEMBL1236539	inhibitor
1045	CDK1	CT-7001	inhibitor
1046	CDK1	BOHEMINE	inhibitor
1047	CDK1	DINACICLIB	inhibitor
1048	CDK1	JNJ-7706621	inhibitor
1049	CDK1	RONICICLIB	inhibitor
1050	CDK1	RGB-286638	inhibitor
1051	CDK1	PHA-793887	inhibitor
1052	CDK1	AT-7519	inhibitor
1053	CDK1	ALVOCIDIB	inhibitor
1054	CDK1	VORUCICLIB	inhibitor
1055	CDK1	ZOTIRACICLIB	inhibitor
1056	CDK1	RIVICICLIB	inhibitor
1057	CDK1	BMS-387032	inhibitor
1058	CDK1	RG-547	inhibitor
1059	CDK1	AZD-5438	inhibitor
1060	NAMPT	TEGLARINAD CHLORIDE	inhibitor
1061	FGFR1	LUCITANIB	inhibitor
1062	FGFR1	SORAFENIB	inhibitor
1063	FGFR1	DOVITINIB	inhibitor
1064	FGFR1	ERDAFITINIB	inhibitor
1065	FGFR1	HESPERADIN	inhibitor
1066	FGFR1	ROGARATINIB	inhibitor
1067	FGFR1	SURUFATINIB	inhibitor
1068	FGFR1	NINTEDANIB ESYLATE	inhibitor
1069	FGFR1	SU-014813	inhibitor
1070	FGFR1	RG-1530	inhibitor
1071	FGFR1	AZD-4547	inhibitor
1072	FGFR1	RABEPRAZOLE SODIUM	inhibitor
1073	FGFR1	SUNITINIB	inhibitor
1074	FGFR1	TG100-801	inhibitor
1075	FGFR1	XL-999	inhibitor
1076	FGFR1	REGORAFENIB	inhibitor
1077	FGFR1	CEP-11981	inhibitor
1078	FGFR1	LENVATINIB	inhibitor
1079	FGFR1	PONATINIB	inhibitor
1080	FGFR1	NINTEDANIB	inhibitor
1081	FGFR1	BRIVANIB	inhibitor
1082	FGFR1	INFIGRATINIB	inhibitor
1083	FGFR1	PAZOPANIB	inhibitor
1084	FGFR1	PEMIGATINIB	inhibitor
1085	FGFR1	MASITINIB	inhibitor
1086	FGFR1	DERAZANTINIB	inhibitor
1087	FGFR1	DEBIO-1347	inhibitor
1088	FGFR1	ORANTINIB	inhibitor
1089	FGFR1	FUTIBATINIB	inhibitor
1090	FGFR1	CP-459632	inhibitor
1091	FGFR1	PAZOPANIB HYDROCHLORIDE	inhibitor
1092	FGFR1	PD-0166285	inhibitor
1093	FGFR1	XL-228	inhibitor
1094	FGFR1	PEXMETINIB	inhibitor
1095	FGFR1	MK-2461	inhibitor
1096	FGFR1	BRIVANIB ALANINATE	inhibitor
1097	FGFR1	LY-2874455	inhibitor
1098	FGFR1	ENMD-981693	inhibitor
1099	FGFR3	DOVITINIB	inhibitor
1100	FGFR3	NINTEDANIB	inhibitor
1101	FGFR3	BRIVANIB	inhibitor
1102	FGFR3	PAZOPANIB	inhibitor
1103	FGFR3	INFIGRATINIB	inhibitor
1104	FGFR3	FUTIBATINIB	inhibitor
1105	FGFR3	PAZOPANIB HYDROCHLORIDE	inhibitor
1106	FGFR3	DERAZANTINIB	inhibitor
1107	FGFR3	ORANTINIB	inhibitor
1108	FGFR3	ENMD-2076	inhibitor
1109	FGFR3	ENMD-981693	inhibitor
1110	FGFR3	AZD-4547	inhibitor
1111	FGFR3	DEBIO-1347	inhibitor
1112	FGFR3	PONATINIB	inhibitor
1113	FGFR3	LY-2874455	inhibitor
1114	FGFR3	HESPERADIN	inhibitor
1115	FGFR3	ERDAFITINIB	inhibitor
1116	FGFR3	PEMIGATINIB	inhibitor
1117	FGFR3	MK-2461	inhibitor
1118	FGFR3	RABEPRAZOLE SODIUM	inhibitor
1119	FGFR3	CP-459632	inhibitor
1120	FGFR3	MASITINIB	inhibitor
1121	FGFR3	BRIVANIB ALANINATE	inhibitor
1122	FGFR3	ROGARATINIB	inhibitor
1123	FGFR3	XL-999	inhibitor
1124	FGFR3	XL-228	inhibitor
1125	FGFR3	NINTEDANIB ESYLATE	inhibitor
1126	CREBBP	ISCHEMIN	inhibitor
1127	CHEK2	PF-00477736	inhibitor
1128	CHEK2	PREXASERTIB	inhibitor
1129	CHEK2	CHEMBL1236539	inhibitor
1130	CHEK2	AZD-7762	inhibitor
1131	CHEK2	ISOGRANULATIMIDE	inhibitor
1132	DPP4	SAXAGLIPTIN	inhibitor
1133	DPP4	SITAGLIPTIN	inhibitor
1134	DPP4	LINAGLIPTIN	inhibitor
1135	DPP4	SITAGLIPTIN PHOSPHATE	inhibitor
1136	DPP4	CARMEGLIPTIN	inhibitor
1137	DPP4	OMARIGLIPTIN	inhibitor
1138	DPP4	ALOGLIPTIN	inhibitor
1139	DPP4	VILDAGLIPTIN	inhibitor
1140	DPP4	GOSOGLIPTIN	inhibitor
1141	DPP4	ALOGLIPTIN BENZOATE	inhibitor
1142	DPP4	TENELIGLIPTIN	inhibitor
1143	DPP4	TALABOSTAT	inhibitor
1144	DPP4	TRELAGLIPTIN SUCCINATE	inhibitor
1145	DPP4	SAXAGLIPTIN HYDROCHLORIDE	inhibitor
1146	DNMT1	AZACITIDINE	inhibitor
1147	DNMT1	DECITABINE	inhibitor
1148	TYMS	METHOTREXATE	inhibitor
1149	TYMS	PEMETREXED	inhibitor
1150	TYMS	CAPECITABINE	inhibitor
1151	TYMS	RALTITREXED	inhibitor
1152	TYMS	FLOXURIDINE	inhibitor
1153	TYMS	TEGAFUR	inhibitor
1154	BCL2L1	OBATOCLAX MESYLATE	inhibitor
1155	HSPB1	APATORSEN	inhibitor
1156	CLU	CUSTIRSEN SODIUM	inhibitor
1157	CYP17A1	ABIRATERONE	inhibitor
1158	CYP17A1	ORTERONEL	inhibitor
1159	CYP17A1	ZYTIGA	inhibitor
1160	CYP17A1	GALETERONE	inhibitor
1161	CYP17A1	ABIRATERONE ACETATE	inhibitor
1162	CDK2	AT-7519	inhibitor
1163	CDK2	DINACICLIB	inhibitor
1164	CDK2	AG-24322	inhibitor
1165	CDK2	TRILACICLIB	inhibitor
1166	CDK2	BX-795	inhibitor
1167	CDK2	UCN-01	inhibitor
1168	CDK2	PHA-793887	inhibitor
1169	CDK2	BMS-387032	inhibitor
1170	CDK2	ALOISINE	inhibitor
1171	CDK2	BOHEMINE	inhibitor
1172	CDK2	ZOTIRACICLIB	inhibitor
1173	CDK2	ALVOCIDIB	inhibitor
1174	CDK2	SELICICLIB	inhibitor
1175	CDK2	MILCICLIB	inhibitor
1176	CDK2	OLOMOUCINE	inhibitor
1177	CDK2	RG-547	inhibitor
1178	CDK2	SU-9516	inhibitor
1179	CDK2	JNJ-7706621	inhibitor
1180	CDK2	RONICICLIB	inhibitor
1181	CDK2	RGB-286638	inhibitor
1182	CDK2	CYC-065	inhibitor
1183	CDK2	VORUCICLIB	inhibitor
1184	CDK2	SCH-900776	inhibitor
1185	CDK2	AZD-5438	inhibitor
1186	CDK2	CT-7001	inhibitor
1187	CD40	PG-102	inhibitor
1188	CD40	DACETUZUMAB	inhibitor
1189	NQO1	DICUMAROL	inhibitor
1190	PIK3R1	PWT-33587	inhibitor
1191	PIK3R1	BGT-226	inhibitor
1192	PIK3R1	PF-04691502	inhibitor
1193	PIK3R1	APITOLISIB	inhibitor
1194	PIK3R1	GEDATOLISIB	inhibitor
1195	PIK3R1	SONOLISIB	inhibitor
1196	PIK3R1	COPANLISIB	inhibitor
1197	PIK3R1	AZD-6482	inhibitor
1198	PIK3R1	DS-7423	inhibitor
1199	PIK3R1	TASELISIB	inhibitor
1200	PIK3R1	RG-7666	inhibitor
1201	PIK3R1	GSK-1059615	inhibitor
1202	PIK3R1	ZSTK-474	inhibitor
1203	PIK3R1	PILARALISIB	inhibitor
1204	PIK3R1	DACTOLISIB	inhibitor
1205	PIK3R1	QUERCETIN	inhibitor
1206	PIK3R1	RECILISIB	inhibitor
1207	PIK3R1	GSK-2636771	inhibitor
1208	PIK3R1	PANULISIB	inhibitor
1209	PIK3R1	PI-103	inhibitor
1210	PIK3R1	ALPELISIB	inhibitor
1211	PIK3R1	PUQUITINIB	inhibitor
1212	PIK3R1	SF-1126	inhibitor
1213	PIK3R1	PA-799	inhibitor
1214	PIK3R1	INFIGRATINIB	inhibitor
1215	PIK3R1	OMIPALISIB	inhibitor
1216	PIK3R1	PICTILISIB	inhibitor
1217	PIK3R1	SAMOTOLISIB	inhibitor
1218	PIK3R1	BUPARLISIB	inhibitor
1219	PIK3R1	WX-037	inhibitor
1220	PIK3R1	VOXTALISIB	inhibitor
1221	PIK3R1	VS-5584	inhibitor
1222	CYP1B1	CHRYSIN	inhibitor
1223	PRKCD	QUERCETIN	inhibitor
1224	PRKCD	SOTRASTAURIN	inhibitor
1225	PRKCD	UCN-01	inhibitor
1226	PRKCD	CEP-2563	inhibitor
1227	PRKCD	DELCASERTIB	inhibitor
1228	PRKCD	ROTTLERIN	inhibitor
1229	PRKCD	MIDOSTAURIN	inhibitor
1230	PRKCD	RUBOXISTAURIN	inhibitor
1231	PRKCD	ENZASTAURIN	inhibitor
1232	PRKCD	GSK-690693	inhibitor
1233	PRKCD	BALANOL	inhibitor
1234	PRKCD	CHEMBL1236539	inhibitor
1235	MMP14	ILOMASTAT	inhibitor
1236	MMP14	CGS-27023A	inhibitor
1237	IDO1	NAVOXIMOD	inhibitor
1238	IDO1	EPACADOSTAT	inhibitor
1239	IDO1	NORHARMANE	inhibitor
1240	IDO1	PF-06840003	inhibitor
1241	IDO1	NECROSTATIN	inhibitor
1242	IDO1	LINRODOSTAT	inhibitor
1243	IDO1	TRYPTANTHRIN	inhibitor
1244	KLK3	ECALLANTIDE	inhibitor
1245	KLK3	APROTININ	inhibitor
1246	XIAP	CHEMBL481422	inhibitor
1247	PLAU	UPAMOSTAT	inhibitor
1248	TNFSF13B	ATACICEPT	inhibitor
1249	TNFSF13B	BLISIBIMOD	inhibitor
1250	TNFSF13B	TABALUMAB	inhibitor
1251	TGFBR2	GALUNISERTIB	inhibitor
1252	ITGAV	ABITUZUMAB	inhibitor
1253	ITGAV	ABCIXIMAB	inhibitor
1254	ITGAV	STX-100	inhibitor
1255	STK11	TOZASERTIB	inhibitor
1256	DKK1	BHQ-880	inhibitor
1257	IL15	AMG-714	inhibitor
1258	RAF1	SORAFENIB	inhibitor
1259	RAF1	ENCORAFENIB	inhibitor
1260	RAF1	RG-7376	inhibitor
1261	RAF1	BALAMAPIMOD	inhibitor
1262	RAF1	SB590885	inhibitor
1263	RAF1	VEMURAFENIB	inhibitor
1264	RAF1	OSI-930	inhibitor
1265	RAF1	ARQ-736	inhibitor
1266	RAF1	LGX-806	inhibitor
1267	RAF1	CHEMBL1794051	inhibitor
1268	RAF1	REGORAFENIB	inhibitor
1269	RAF1	MLN-2480	inhibitor
1270	RAF1	PLX8394	inhibitor
1271	RAF1	XL-281	inhibitor
1272	RAF1	CEP-32496	inhibitor
1273	RAF1	SORAFENIB TOSYLATE	inhibitor
1274	RAF1	LY-3009120	inhibitor
1275	PDGFRA	CRENOLANIB	inhibitor
1276	PDGFRA	REGORAFENIB	inhibitor
1277	PDGFRA	NILOTINIB	inhibitor
1278	PDGFRA	SORAFENIB	inhibitor
1279	PDGFRA	RIPRETINIB	inhibitor
1280	PDGFRA	ENMD-981693	inhibitor
1281	PDGFRA	QUIZARTINIB	inhibitor
1282	PDGFRA	AMUVATINIB	inhibitor
1283	PDGFRA	PAZOPANIB HYDROCHLORIDE	inhibitor
1284	PDGFRA	DOVITINIB	inhibitor
1285	PDGFRA	ILORASERTIB	inhibitor
1286	PDGFRA	ENMD-2076	inhibitor
1287	PDGFRA	NINTEDANIB ESYLATE	inhibitor
1288	PDGFRA	FAMITINIB	inhibitor
1289	PDGFRA	CEDIRANIB	inhibitor
1290	PDGFRA	SUNITINIB MALATE	inhibitor
1291	PDGFRA	SITRAVATINIB	inhibitor
1292	PDGFRA	XL-820	inhibitor
1293	PDGFRA	PAZOPANIB	inhibitor
1294	PDGFRA	PONATINIB	inhibitor
1295	PDGFRA	SUNITINIB	inhibitor
1296	PDGFRA	NINTEDANIB	inhibitor
1297	PDGFRA	LENVATINIB	inhibitor
1298	PDGFRA	FORETINIB	inhibitor
1299	PDGFRA	LINIFANIB	inhibitor
1300	PDGFRA	TAK-593	inhibitor
1301	PDGFRA	ORANTINIB	inhibitor
1302	PDGFRA	MASITINIB	inhibitor
1303	PDGFRA	VATALANIB	inhibitor
1304	PDGFRA	MOTESANIB	inhibitor
1305	PDGFRA	SU-014813	inhibitor
1306	PDGFRA	TANDUTINIB	inhibitor
1307	PDGFRA	XL-999	inhibitor
1308	PDGFRA	LUCITANIB	inhibitor
1309	PDGFRA	X-82	inhibitor
1310	SYK	PRT-2607	inhibitor
1311	SYK	ENTOSPLETINIB	inhibitor
1312	SYK	R-348	inhibitor
1313	SYK	LANRAPLENIB	inhibitor
1314	SYK	HMPL-523	inhibitor
1315	SYK	R-333	inhibitor
1316	SYK	TAK-659	inhibitor
1317	SYK	R-406	inhibitor
1318	SYK	FOSTAMATINIB	inhibitor
1319	SYK	R-343	inhibitor
1320	SYK	CERDULATINIB	inhibitor
1321	SYK	APITOLISIB	inhibitor
1322	SYK	R-112	inhibitor
1323	TOP2A	EPIRUBICIN	inhibitor
1324	TOP2A	ETOPOSIDE	inhibitor
1325	TOP2A	PODOFILOX	inhibitor
1326	TOP2A	AMSACRINE	inhibitor
1327	TOP2A	VALRUBICIN	inhibitor
1328	TOP2A	DOXORUBICIN	inhibitor
1329	TOP2A	DOXORUBICIN HYDROCHLORIDE	inhibitor
1330	TOP2A	DAUNORUBICIN HYDROCHLORIDE	inhibitor
1331	TOP2A	BECATECARIN	inhibitor
1332	TOP2A	AMRUBICIN HYDROCHLORIDE	inhibitor
1333	TOP2A	C-1311	inhibitor
1334	TOP2A	DAUNORUBICIN	inhibitor
1335	TOP2A	DEXRAZOXANE	inhibitor
1336	TOP2A	MITOXANTRONE	inhibitor
1337	TOP2A	TENIPOSIDE	inhibitor
1338	TOP2A	IDARUBICIN	inhibitor
1339	TOP2A	AMRUBICIN	inhibitor
1340	TOP2A	ALDOXORUBICIN	inhibitor
1341	TOP2A	IDARUBICIN HYDROCHLORIDE	inhibitor
1342	TOP2A	BERUBICIN HYDROCHLORIDE	inhibitor
1343	TOP2A	ETOPOSIDE PHOSPHATE	inhibitor
1344	TOP2A	VOSAROXIN	inhibitor
1345	TOP2A	GANCOTAMAB	inhibitor
1346	TOP2A	MITOXANTRONE HYDROCHLORIDE	inhibitor
1347	TOP2A	DAUNORUBICIN CITRATE	inhibitor
1348	NOTCH3	RG-4733	inhibitor
1349	NOTCH3	NIROGACESTAT	inhibitor
1350	MMP7	DOXYCYCLINE HYCLATE	inhibitor
1351	MMP7	DOXYCYCLINE CALCIUM	inhibitor
1352	MMP7	DOXYCYCLINE	inhibitor
1353	MMP7	DOXYCYCLINE	inhibitor
1354	PRKACA	CHEMBL104264	inhibitor
1355	PRKACA	GSK-690693	inhibitor
1356	DNMT3A	AZACITIDINE	inhibitor
1357	DNMT3A	DECITABINE	inhibitor
1358	VEGFC	CONBERCEPT	inhibitor
1359	HPSE	MUPARFOSTAT	inhibitor
1360	CHEK1	UCN-01	inhibitor
1361	CHEK1	CHEMBL2203843	inhibitor
1362	CHEK1	PREXASERTIB	inhibitor
1363	CHEK1	BX-795	inhibitor
1364	CHEK1	LY-2606368	inhibitor
1365	CHEK1	AZD-7762	inhibitor
1366	CHEK1	SCH-900776	inhibitor
1367	CHEK1	PF-00477736	inhibitor
1368	CHEK1	XL-844	inhibitor
1369	CHEK1	RG-7602	inhibitor
1370	CHEK1	ISOGRANULATIMIDE	inhibitor
1371	CHEK1	CHEMBL1236539	inhibitor
1372	CHEK1	RG-7741	inhibitor
1373	CHEK1	RABUSERTIB	inhibitor
1374	PDGFRB	SU-014813	inhibitor
1375	PDGFRB	VATALANIB	inhibitor
1376	PDGFRB	SORAFENIB TOSYLATE	inhibitor
1377	PDGFRB	XL-820	inhibitor
1378	PDGFRB	AXITINIB	inhibitor
1379	PDGFRB	MK-2461	inhibitor
1380	PDGFRB	IMATINIB MESYLATE	inhibitor
1381	PDGFRB	CDP-860	inhibitor
1382	PDGFRB	REGORAFENIB	inhibitor
1383	PDGFRB	NINTEDANIB ESYLATE	inhibitor
1384	PDGFRB	CRENOLANIB	inhibitor
1385	PDGFRB	SUNITINIB MALATE	inhibitor
1386	PDGFRB	ILORASERTIB	inhibitor
1387	PDGFRB	PD-0166285	inhibitor
1388	PDGFRB	ANLOTINIB	inhibitor
1389	PDGFRB	SEMAXANIB	inhibitor
1390	PDGFRB	CM-082	inhibitor
1391	PDGFRB	CHEMBL1908396	inhibitor
1392	PDGFRB	PUQUITINIB	inhibitor
1393	PDGFRB	FAMITINIB	inhibitor
1394	PDGFRB	HESPERADIN	inhibitor
1395	PDGFRB	SUNITINIB	inhibitor
1396	PDGFRB	PAZOPANIB	inhibitor
1397	PDGFRB	NILOTINIB	inhibitor
1398	PDGFRB	NINTEDANIB	inhibitor
1399	PDGFRB	FLUMATINIB	inhibitor
1400	PDGFRB	MASITINIB	inhibitor
1401	PDGFRB	X-82	inhibitor
1402	PDGFRB	ORANTINIB	inhibitor
1403	PDGFRB	TAFETINIB	inhibitor
1404	PDGFRB	TANDUTINIB	inhibitor
1405	PDGFRB	MOTESANIB	inhibitor
1406	PDGFRB	CEP-2563	inhibitor
1407	PDGFRB	ENMD-981693	inhibitor
1408	PDGFRB	TAK-593	inhibitor
1409	PDGFRB	QUIZARTINIB	inhibitor
1410	PDGFRB	DEBIO-1347	inhibitor
1411	PDGFRB	FORETINIB	inhibitor
1412	PDGFRB	PAZOPANIB HYDROCHLORIDE	inhibitor
1413	PDGFRB	JI-101	inhibitor
1414	PDGFRB	TG100-801	inhibitor
1415	PDGFRB	LUCITANIB	inhibitor
1416	PDGFRB	DOVITINIB	inhibitor
1417	PDGFRB	LINIFANIB	inhibitor
1418	PDGFRB	CHEMBL406375	inhibitor
1419	PDGFRB	XL-999	inhibitor
1420	PDGFRB	TELATINIB	inhibitor
1421	PDGFRB	HENATINIB	inhibitor
1422	PDGFRB	RG-1530	inhibitor
1423	PDGFRB	CEDIRANIB	inhibitor
1424	TRPV1	SAF312	inhibitor
1425	ERBB3	GEFITINIB	inhibitor
1426	ERBB3	OSIMERTINIB MESYLATE	inhibitor
1427	ERBB3	VANDETANIB	inhibitor
1428	ERBB3	POZIOTINIB	inhibitor
1429	ERBB3	SAPITINIB	inhibitor
1430	ERBB3	PATRITUMAB	inhibitor
1431	ERBB3	DACOMITINIB	inhibitor
1432	FYN	BOSUTINIB	inhibitor
1433	FYN	ILORASERTIB	inhibitor
1434	FYN	TG100-801	inhibitor
1435	FYN	JNJ-26483327	inhibitor
1436	FYN	HESPERADIN	inhibitor
1437	FYN	IBRUTINIB	inhibitor
1438	FYN	XL-228	inhibitor
1439	FYN	ACALABRUTINIB	inhibitor
1440	FYN	NINTEDANIB	inhibitor
1441	FYN	ENMD-981693	inhibitor
1442	FYN	PEXMETINIB	inhibitor
1443	VKORC1	ACENOCOUMAROL	inhibitor
1444	VKORC1	PHENINDIONE	inhibitor
1445	VKORC1	WARFARIN	inhibitor
1446	VKORC1	DICUMAROL	inhibitor
1447	VKORC1	PHENPROCOUMON	inhibitor
1448	VKORC1	WARFARIN SODIUM	inhibitor
1449	VKORC1	WARFARIN POTASSIUM	inhibitor
1450	VKORC1	ALITRETINOIN	inhibitor
1451	TGFBR1	HESPERADIN	inhibitor
1452	TGFBR1	SB-431542	inhibitor
1453	TGFBR1	GALUNISERTIB	inhibitor
1454	TGFBR1	CHEMBL261454	inhibitor
1455	TGFBR1	VACTOSERTIB	inhibitor
1456	PRKAA1	HESPERADIN	inhibitor
1457	CDK4	CHEMBL1956070	inhibitor
1458	CDK4	ALVOCIDIB	inhibitor
1459	CDK4	ABEMACICLIB	inhibitor
1460	CDK4	AT-7519	inhibitor
1461	CDK4	AZD-5438	inhibitor
1462	CDK4	TRILACICLIB	inhibitor
1463	CDK4	G1T28-1	inhibitor
1464	CDK4	UCN-01	inhibitor
1465	CDK4	RIBOCICLIB SUCCINATE	inhibitor
1466	CDK4	PHA-793887	inhibitor
1467	CDK4	RGB-286638	inhibitor
1468	CDK4	PALBOCICLIB	inhibitor
1469	CDK4	RG-547	inhibitor
1470	CDK4	RONICICLIB	inhibitor
1471	CDK4	MILCICLIB	inhibitor
1472	CDK4	VORUCICLIB	inhibitor
1473	CDK4	RIVICICLIB	inhibitor
1474	CDK4	FASCAPLYSIN	inhibitor
1475	CDK4	LEROCICLIB	inhibitor
1476	CDK4	BMS-387032	inhibitor
1477	CDK4	AG-24322	inhibitor
1478	PAK1	PF-03758309	inhibitor
1479	PLG	TRANEXAMIC ACID	inhibitor
1480	PLG	AMINOCAPROIC ACID	inhibitor
1481	PLG	APROTININ	inhibitor
1482	HDAC2	VORINOSTAT	inhibitor
1483	HDAC2	MOCETINOSTAT	inhibitor
1484	HDAC2	TACEDINALINE	inhibitor
1485	HDAC2	PANOBINOSTAT	inhibitor
1486	HDAC2	APICIDIN	inhibitor
1487	HDAC2	ABEXINOSTAT	inhibitor
1488	HDAC2	DEPAKOTE	inhibitor
1489	HDAC2	CITARINOSTAT	inhibitor
1490	HDAC2	DACINOSTAT	inhibitor
1491	HDAC2	SCRIPTAID	inhibitor
1492	HDAC2	BELINOSTAT	inhibitor
1493	HDAC2	ENTINOSTAT	inhibitor
1494	HDAC2	CUDC-101	inhibitor
1495	HDAC2	FIMEPINOSTAT	inhibitor
1496	HDAC2	GIVINOSTAT	inhibitor
1497	HDAC2	AN-9	inhibitor
1498	HDAC2	NANATINOSTAT	inhibitor
1499	HDAC2	RICOLINOSTAT	inhibitor
1500	HDAC2	QUISINOSTAT	inhibitor
1501	HDAC2	PANOBINOSTAT LACTATE	inhibitor
1502	ADAM17	APRATASTAT	inhibitor
1503	ADAM17	CHEMBL489100	inhibitor
1504	ADAM17	ILOMASTAT	inhibitor
1505	ROCK1	NETARSUDIL	inhibitor
1506	ROCK1	DE-104	inhibitor
1507	ROCK1	FASUDIL	inhibitor
1508	ROCK1	AT-13148	inhibitor
1509	ROCK1	Y-39983	inhibitor
1510	ROCK1	SAR-407899	inhibitor
1511	ROCK1	AMA0076	inhibitor
1512	ROCK1	VEROSUDIL	inhibitor
1513	ABCC1	SULFINPYRAZONE	inhibitor
1514	GC	ANISINDIONE	inhibitor
1515	CA9	ETHOXZOLAMIDE	inhibitor
1516	EPCAM	ADECATUMUMAB	inhibitor
1517	PLA2G7	DARAPLADIB	inhibitor
1518	PLA2G7	RILAPLADIB	inhibitor
1519	AURKB	HESPERADIN	inhibitor
1520	AURKB	BI-811283	inhibitor
1521	AURKB	PF-03814735	inhibitor
1522	AURKB	MK-5108	inhibitor
1523	AURKB	ILORASERTIB	inhibitor
1524	AURKB	AT-9283	inhibitor
1525	AURKB	AMG-900	inhibitor
1526	AURKB	SNS-314	inhibitor
1527	AURKB	CENISERTIB	inhibitor
1528	AURKB	TAK-901	inhibitor
1529	AURKB	CHEMBL1765740	inhibitor
1530	AURKB	DANUSERTIB	inhibitor
1531	AURKB	MK-6592	inhibitor
1532	AURKB	TTP-607	inhibitor
1533	AURKB	GSK-1070916	inhibitor
1534	AURKB	KW-2449	inhibitor
1535	AURKB	CYC-116	inhibitor
1536	AURKB	MLN-8054	inhibitor
1537	AURKB	BARASERTIB	inhibitor
1538	AURKB	TOZASERTIB	inhibitor
1539	AURKB	ENMD-2076	inhibitor
1540	AURKB	JNJ-7706621	inhibitor
1541	AURKB	CHIAURANIB	inhibitor
1542	AURKB	DUBERMATINIB	inhibitor
1543	F2R	RIGOSERTIB SODIUM	inhibitor
1544	FGA	FIBRINOLYSIN, HUMAN	inhibitor
1545	IKBKB	AURANOFIN	inhibitor
1546	IKBKB	BARDOXOLONE METHYL	inhibitor
1547	IKBKB	IMD-1041	inhibitor
1548	IKBKB	IMD-2560	inhibitor
1549	IKBKB	AS-602868	inhibitor
1550	IKBKB	SAR-113945	inhibitor
1551	IKBKB	MESALAMINE	inhibitor
1552	IKBKB	MLN-0415	inhibitor
1553	IKBKB	IMD-0354	inhibitor
1554	IKBKB	CHEMBL592893	inhibitor
1555	XPO1	SELINEXOR	inhibitor
1556	XPO1	ELTANEXOR	inhibitor
1557	CYP2B6	TICLOPIDINE	inhibitor
1558	CYP2B6	THIOTEPA	inhibitor
1559	CYP2B6	SIBUTRAMINE	inhibitor
1560	MME	CANDOXATRILAT	inhibitor
1561	MME	CANDOXATRIL	inhibitor
1562	MME	THIORPHAN	inhibitor
1563	MME	FASIDOTRILAT	inhibitor
1564	MME	DAGLUTRIL	inhibitor
1565	MME	FASIDOTRIL	inhibitor
1566	NGF	FASINUMAB	inhibitor
1567	NGF	TANEZUMAB	inhibitor
1568	NGF	FULRANUMAB	inhibitor
1569	SOST	ROMOSOZUMAB	inhibitor
1570	SOST	BLOSOZUMAB	inhibitor
1571	IDH2	ENASIDENIB	inhibitor
1572	PTPN1	TRODUSQUEMINE	inhibitor
1573	CASP9	NIVOCASAN	inhibitor
1574	CASP9	EMRICASAN	inhibitor
1575	NTRK1	LESTAURTINIB	inhibitor
1576	NTRK1	LAROTRECTINIB	inhibitor
1577	NTRK1	ENTRECTINIB	inhibitor
1578	NTRK1	ALTIRATINIB	inhibitor
1579	NTRK1	PLX-7486	inhibitor
1580	NTRK1	GILTERITINIB	inhibitor
1581	NTRK1	SELITRECTINIB	inhibitor
1582	NTRK1	PEGCANTRATINIB	inhibitor
1583	NTRK1	CEP-2563	inhibitor
1584	NTRK1	CEP-11981	inhibitor
1585	NTRK1	AZD-7451	inhibitor
1586	NTRK1	CHEMBL1908395	inhibitor
1587	NTRK1	HESPERADIN	inhibitor
1588	NTRK1	REGORAFENIB	inhibitor
1589	NTRK1	AZD-6918	inhibitor
1590	NTRK1	MILCICLIB	inhibitor
1591	NTRK1	REPOTRECTINIB	inhibitor
1592	NTRK1	SITRAVATINIB	inhibitor
1593	NTRK1	MK-2461	inhibitor
1594	AQP1	ACETAZOLAMIDE	inhibitor
1595	PIK3CG	RG-7666	inhibitor
1596	PIK3CG	QUERCETIN	inhibitor
1597	PIK3CG	TG100-115	inhibitor
1598	PIK3CG	AZD-6482	inhibitor
1599	PIK3CG	SONOLISIB	inhibitor
1600	PIK3CG	BERZOSERTIB	inhibitor
1601	PIK3CG	VOXTALISIB	inhibitor
1602	PIK3CG	PILARALISIB	inhibitor
1603	PIK3CG	GSK-2636771	inhibitor
1604	PIK3CG	PICTILISIB	inhibitor
1605	PIK3CG	ZSTK-474	inhibitor
1606	PIK3CG	BUPARLISIB	inhibitor
1607	PIK3CG	COPANLISIB	inhibitor
1608	PIK3CG	RP-6530	inhibitor
1609	PIK3CG	RECILISIB	inhibitor
1610	PIK3CG	PA-799	inhibitor
1611	PIK3CG	AZD-8186	inhibitor
1612	PIK3CG	FIMEPINOSTAT	inhibitor
1613	PIK3CG	IDELALISIB	inhibitor
1614	PIK3CG	OMIPALISIB	inhibitor
1615	PIK3CG	SERABELISIB	inhibitor
1616	PIK3CG	ACALISIB	inhibitor
1617	PIK3CG	TASELISIB	inhibitor
1618	PIK3CG	INFIGRATINIB	inhibitor
1619	PIK3CG	CHEMBL1086377	inhibitor
1620	PIK3CG	WORTMANNIN	inhibitor
1621	PIK3CG	DUVELISIB	inhibitor
1622	PIK3CG	BIMIRALISIB	inhibitor
1623	PIK3CG	WX-037	inhibitor
1624	PIK3CG	PF-04691502	inhibitor
1625	PIK3CG	CAL-263	inhibitor
1626	PIK3CG	SAPANISERTIB	inhibitor
1627	PIK3CG	DS-7423	inhibitor
1628	PIK3CG	PUQUITINIB	inhibitor
1629	PIK3CG	DEZAPELISIB	inhibitor
1630	PIK3CG	TENALISIB	inhibitor
1631	PIK3CG	DACTOLISIB	inhibitor
1632	PIK3CG	BGT-226	inhibitor
1633	PIK3CG	GDC-0077	inhibitor
1634	PIK3CG	PANULISIB	inhibitor
1635	PIK3CG	GEDATOLISIB	inhibitor
1636	PIK3CG	SAMOTOLISIB	inhibitor
1637	PIK3CG	SF-1126	inhibitor
1638	PIK3CG	APITOLISIB	inhibitor
1639	PIK3CG	PWT-33587	inhibitor
1640	PIK3CG	GSK-1059615	inhibitor
1641	PIK3CG	AZD-8835	inhibitor
1642	PIK3CG	SELETALISIB	inhibitor
1643	PIK3CG	VS-5584	inhibitor
1644	PIK3CG	ALPELISIB	inhibitor
1645	PIK3CG	AMG-319	inhibitor
1646	PIK3CG	PI-103	inhibitor
1647	PIK3CG	NEMIRALISIB	inhibitor
1648	EPHA2	VANDETANIB	inhibitor
1649	EPHA2	DORSOMORPHIN	inhibitor
1650	EPHA2	REGORAFENIB	inhibitor
1651	KDM1A	TRANYLCYPROMINE	inhibitor
1652	TOP1	TOPOTECAN	inhibitor
1653	TOP1	IRINOTECAN SUCROSOFATE	inhibitor
1654	TOP1	IRINOTECAN HYDROCHLORIDE HYDRATE	inhibitor
1655	TOP1	BECATECARIN	inhibitor
1656	TOP1	IRINOTECAN	inhibitor
1657	TOP1	ETIRINOTECAN PEGOL	inhibitor
1658	AXL	HESPERADIN	inhibitor
1659	AXL	SITRAVATINIB	inhibitor
1660	AXL	DUBERMATINIB	inhibitor
1661	AXL	BPI-9016	inhibitor
1662	AXL	BEMCENTINIB	inhibitor
1663	AXL	GILTERITINIB	inhibitor
1664	AXL	MERESTINIB	inhibitor
1665	AXL	R428	inhibitor
1666	AXL	BMS-777607	inhibitor
1667	ZAP70	ALOISINE	inhibitor
1668	ERBB4	AFATINIB	inhibitor
1669	ERBB4	AC-480	inhibitor
1670	ERBB4	BMS-690514	inhibitor
1671	ERBB4	VANDETANIB	inhibitor
1672	ERBB4	POZIOTINIB	inhibitor
1673	ERBB4	GEFITINIB	inhibitor
1674	ERBB4	AFATINIB DIMALEATE	inhibitor
1675	ERBB4	ACALABRUTINIB	inhibitor
1676	ERBB4	PELITINIB	inhibitor
1677	ERBB4	AEE-788	inhibitor
1678	ERBB4	JNJ-26483327	inhibitor
1679	ERBB4	IBRUTINIB	inhibitor
1680	ERBB4	DACOMITINIB	inhibitor
1681	ERBB4	ALLITINIB	inhibitor
1682	ERBB4	TUCATINIB	inhibitor
1683	ERBB4	OSIMERTINIB MESYLATE	inhibitor
1684	ERBB4	CANERTINIB DIHYDROCHLORIDE	inhibitor
1685	SERPINC1	SEMULOPARIN SODIUM	inhibitor
1686	FASN	CERULENIN	inhibitor
1687	FASN	ORLISTAT	inhibitor
1688	NTRK2	HESPERADIN	inhibitor
1689	NTRK2	LAROTRECTINIB	inhibitor
1690	NTRK2	ENTRECTINIB	inhibitor
1691	NTRK2	SELITRECTINIB	inhibitor
1692	NTRK2	REPOTRECTINIB	inhibitor
1693	NTRK2	PLX-7486	inhibitor
1694	NTRK2	AZD-7451	inhibitor
1695	NTRK2	CEP-2563	inhibitor
1696	NTRK2	MK-2461	inhibitor
1697	NTRK2	AZD-6918	inhibitor
1698	NTRK2	ALTIRATINIB	inhibitor
1699	NTRK2	CEP-11981	inhibitor
1700	NTRK2	LESTAURTINIB	inhibitor
1701	BTK	IBRUTINIB	inhibitor
1702	BTK	HESPERADIN	inhibitor
1703	BTK	ZANUBRUTINIB	inhibitor
1704	BTK	BRANEBRUTINIB	inhibitor
1705	BTK	SPEBRUTINIB BESYLATE	inhibitor
1706	BTK	ACALABRUTINIB	inhibitor
1707	BTK	EVOBRUTINIB	inhibitor
1708	BTK	VECABRUTINIB	inhibitor
1709	BTK	ABIVERTINIB	inhibitor
1710	BTK	HM-71224	inhibitor
1711	BTK	SPEBRUTINIB	inhibitor
1712	BTK	POSELTINIB	inhibitor
1713	BTK	CENISERTIB	inhibitor
1714	BTK	FENEBRUTINIB	inhibitor
1715	BTK	MSC-2364447	inhibitor
1716	BTK	TIRABRUTINIB	inhibitor
1717	BTK	CHEMBL228043	inhibitor
1718	BTK	BMS-986142	inhibitor
1719	HDAC6	ROMIDEPSIN	inhibitor
1720	HDAC6	RICOLINOSTAT	inhibitor
1721	HDAC6	PANOBINOSTAT	inhibitor
1722	HDAC6	TACEDINALINE	inhibitor
1723	HDAC6	TUBACIN	inhibitor
1724	HDAC6	RESMINOSTAT	inhibitor
1725	HDAC6	CUDC-101	inhibitor
1726	HDAC6	QUISINOSTAT	inhibitor
1727	HDAC6	FIMEPINOSTAT	inhibitor
1728	HDAC6	CITARINOSTAT	inhibitor
1729	HDAC6	GIVINOSTAT	inhibitor
1730	HDAC6	PANOBINOSTAT LACTATE	inhibitor
1731	HDAC6	ABEXINOSTAT	inhibitor
1732	HDAC6	BELINOSTAT	inhibitor
1733	HDAC6	ENTINOSTAT	inhibitor
1734	HDAC6	SCRIPTAID	inhibitor
1735	HDAC6	VORINOSTAT	inhibitor
1736	HDAC6	BUFEXAMAC	inhibitor
1737	HDAC6	NANATINOSTAT	inhibitor
1738	HDAC6	DACINOSTAT	inhibitor
1739	FGG	FIBRINOLYSIN, HUMAN	inhibitor
1740	RPS6KB1	LY-2584702	inhibitor
1741	RPS6KB1	MSC-2363318A	inhibitor
1742	RPS6KB1	LY-2780301	inhibitor
1743	RPS6KB1	XL-418	inhibitor
1744	KEAP1	BARDOXOLONE METHYL	inhibitor
1745	KEAP1	DIMETHYL FUMARATE	inhibitor
1746	CHUK	MESALAMINE	inhibitor
1747	CHUK	CHEMBL592893	inhibitor
1748	ALOX5	BALSALAZIDE	inhibitor
1749	ALOX5	OLSALAZINE SODIUM	inhibitor
1750	ALOX5	BALSALAZIDE DISODIUM	inhibitor
1751	ALOX5	ZILEUTON	inhibitor
1752	ALOX5	DIETHYLCARBAMAZINE	inhibitor
1753	ALOX5	MESALAMINE	inhibitor
1754	ALOX5	SULFASALAZINE	inhibitor
1755	ALOX5	MECLOFENAMATE SODIUM	inhibitor
1756	ALOX5	PF-4191834	inhibitor
1757	MMP13	DOXYCYCLINE	inhibitor
1758	MMP13	DOXYCYCLINE HYCLATE	inhibitor
1759	MMP13	BATIMASTAT	inhibitor
1760	MMP13	APRATASTAT	inhibitor
1761	MMP13	DOXYCYCLINE CALCIUM	inhibitor
1762	BRD4	CHEMBL2153434	inhibitor
1763	BRD4	BI-2536	inhibitor
1764	BRD4	COLCHICINE	inhibitor
1765	BRD4	MIVEBRESIB	inhibitor
1766	BRD4	MOLIBRESIB	inhibitor
1767	BRD4	FEDRATINIB	inhibitor
1768	ADAM10	ILOMASTAT	inhibitor
1769	CDK5	ALVOCIDIB	inhibitor
1770	CDK5	SELICICLIB	inhibitor
1771	CDK5	AT-7519	inhibitor
1772	CDK5	DINACICLIB	inhibitor
1773	CDK5	ZOTIRACICLIB	inhibitor
1774	CDK5	MILCICLIB	inhibitor
1775	CDK5	OLOMOUCINE	inhibitor
1776	CDK5	RGB-286638	inhibitor
1777	CDK5	RONICICLIB	inhibitor
1778	CDK5	AZD-5438	inhibitor
1779	CDK5	PHA-793887	inhibitor
1780	CDK5	VORUCICLIB	inhibitor
1781	IL23A	USTEKINUMAB	inhibitor
1782	IL23A	BRIAKINUMAB	inhibitor
1783	IL23A	TILDRAKIZUMAB	inhibitor
1784	TGFB2	LERDELIMUMAB	inhibitor
1785	BCHE	RIVASTIGMINE	inhibitor
1786	BCHE	TACRINE	inhibitor
1787	BCHE	PHYSOSTIGMINE	inhibitor
1788	BCHE	TACRINE HYDROCHLORIDE	inhibitor
1789	BCHE	ISOFLUROPHATE	inhibitor
1790	BCHE	GALANTAMINE	inhibitor
1791	BCHE	RIVASTIGMINE TARTRATE	inhibitor
1792	BCHE	BAMBUTEROL	inhibitor
1793	JAK1	FEDRATINIB	inhibitor
1794	JAK1	BARICITINIB	inhibitor
1795	JAK1	UPADACITINIB	inhibitor
1796	JAK1	BMS-911543	inhibitor
1797	JAK1	INCB-047986	inhibitor
1798	JAK1	TOFACITINIB CITRATE	inhibitor
1799	JAK1	GLPG-0555	inhibitor
1800	JAK1	CERDULATINIB	inhibitor
1801	JAK1	AZD-1480	inhibitor
1802	JAK1	FILGOTINIB	inhibitor
1803	JAK1	MOMELOTINIB	inhibitor
1804	JAK1	NS-018	inhibitor
1805	JAK1	BREPOCITINIB	inhibitor
1806	JAK1	TRICETAMIDE	inhibitor
1807	JAK1	RUXOLITINIB	inhibitor
1808	JAK1	TOFACITINIB	inhibitor
1809	JAK1	PACRITINIB	inhibitor
1810	JAK1	DECERNOTINIB	inhibitor
1811	JAK1	OCLACITINIB	inhibitor
1812	JAK1	XL-019	inhibitor
1813	JAK1	ZOTIRACICLIB	inhibitor
1814	JAK1	ITACITINIB	inhibitor
1815	JAK1	ABROCITINIB	inhibitor
1816	JAK1	DELGOCITINIB	inhibitor
1817	JAK1	PEFICITINIB	inhibitor
1818	JAK1	RUXOLITINIB PHOSPHATE	inhibitor
1819	JAK1	SOLCITINIB	inhibitor
1820	SRD5A2	FINASTERIDE	inhibitor
1821	SRD5A2	DUTASTERIDE	inhibitor
1822	CDK9	SELICICLIB	inhibitor
1823	CDK9	VORUCICLIB	inhibitor
1824	CDK9	BMS-387032	inhibitor
1825	CDK9	MILCICLIB	inhibitor
1826	CDK9	ALVOCIDIB	inhibitor
1827	CDK9	DINACICLIB	inhibitor
1828	CDK9	CYC-065	inhibitor
1829	CDK9	RGB-286638	inhibitor
1830	CDK9	AT-7519	inhibitor
1831	CDK9	AZD-5438	inhibitor
1832	CDK9	TRILACICLIB	inhibitor
1833	CDK9	PHA-793887	inhibitor
1834	CDK9	RIVICICLIB	inhibitor
1835	CDK9	ZOTIRACICLIB	inhibitor
1836	CDK9	CT-7001	inhibitor
1837	CDK9	RONICICLIB	inhibitor
1838	RIPK1	PONATINIB	inhibitor
1839	RIPK1	NECROSTATIN	inhibitor
1840	HDAC3	BELINOSTAT	inhibitor
1841	HDAC3	APICIDIN	inhibitor
1842	HDAC3	ENTINOSTAT	inhibitor
1843	HDAC3	PANOBINOSTAT	inhibitor
1844	HDAC3	NANATINOSTAT	inhibitor
1845	HDAC3	ROMIDEPSIN	inhibitor
1846	HDAC3	DEPAKOTE	inhibitor
1847	HDAC3	RESMINOSTAT	inhibitor
1848	HDAC3	DACINOSTAT	inhibitor
1849	HDAC3	CITARINOSTAT	inhibitor
1850	HDAC3	VORINOSTAT	inhibitor
1851	HDAC3	SCRIPTAID	inhibitor
1852	HDAC3	MOCETINOSTAT	inhibitor
1853	HDAC3	TACEDINALINE	inhibitor
1854	HDAC3	RICOLINOSTAT	inhibitor
1855	HDAC3	PRACINOSTAT	inhibitor
1856	HDAC3	PANOBINOSTAT LACTATE	inhibitor
1857	HDAC3	FIMEPINOSTAT	inhibitor
1858	HDAC3	CUDC-101	inhibitor
1859	HDAC3	AN-9	inhibitor
1860	HDAC3	QUISINOSTAT	inhibitor
1861	HDAC3	GIVINOSTAT	inhibitor
1862	HDAC3	ABEXINOSTAT	inhibitor
1863	ADA	PENTOSTATIN	inhibitor
1864	ADA	EHNA	inhibitor
1865	ADA	DIPYRIDAMOLE	inhibitor
1866	CDK6	ALVOCIDIB	inhibitor
1867	CDK6	ABEMACICLIB	inhibitor
1868	CDK6	RGB-286638	inhibitor
1869	CDK6	AZD-5438	inhibitor
1870	CDK6	PHA-793887	inhibitor
1871	CDK6	UCN-01	inhibitor
1872	CDK6	LEROCICLIB	inhibitor
1873	CDK6	RIBOCICLIB SUCCINATE	inhibitor
1874	CDK6	PALBOCICLIB	inhibitor
1875	CDK6	VORUCICLIB	inhibitor
1876	CDK6	RONICICLIB	inhibitor
1877	CDK6	AT-7519	inhibitor
1878	CDK6	G1T28-1	inhibitor
1879	CDK6	TRILACICLIB	inhibitor
1880	PRKCE	BALANOL	inhibitor
1881	PRKCE	CEP-2563	inhibitor
1882	PRKCE	ENZASTAURIN	inhibitor
1883	PRKCE	CHELERYTHRINE	inhibitor
1884	PRKCE	UCN-01	inhibitor
1885	PRKCE	SOTRASTAURIN	inhibitor
1886	PRKCE	CHEMBL1236539	inhibitor
1887	PRKCE	MIDOSTAURIN	inhibitor
1888	PRKCE	QUERCETIN	inhibitor
1889	PRKCE	GSK-690693	inhibitor
1890	TBK1	AMLEXANOX	inhibitor
1891	PRKCZ	SOTRASTAURIN	inhibitor
1892	PRKCZ	QUERCETIN	inhibitor
1893	PRKCZ	BALANOL	inhibitor
1894	PRKCZ	UCN-01	inhibitor
1895	PRKCZ	CEP-2563	inhibitor
1896	PRKCZ	MIDOSTAURIN	inhibitor
1897	PRKCZ	GSK-690693	inhibitor
1898	INHBA	SOTATERCEPT	inhibitor
1899	PTHLH	CAL	inhibitor
1900	SLC19A1	METHOTREXATE	inhibitor
1901	AKT2	A-443654	inhibitor
1902	AKT2	EVEROLIMUS	inhibitor
1903	AKT2	GSK-690693	inhibitor
1904	AKT2	BAY-1125976	inhibitor
1905	AKT2	AZD-5363	inhibitor
1906	AKT2	TRICIRIBINE PHOSPHATE	inhibitor
1907	AKT2	IPATASERTIB	inhibitor
1908	AKT2	LY-2780301	inhibitor
1909	AKT2	UPROSERTIB	inhibitor
1910	AKT2	OMIPALISIB	inhibitor
1911	AKT2	XL-418	inhibitor
1912	AKT2	AFURESERTIB	inhibitor
1913	AKT2	MK-2201	inhibitor
1914	AKT2	CAPIVASERTIB	inhibitor
1915	MAP3K7	CHEMBL1077979	inhibitor
1916	MAP3K7	CEP-11981	inhibitor
1917	MAP3K7	RGB-286638	inhibitor
1918	KAT2B	PLUMBAGIN	inhibitor
1919	KAT2B	GARCINOL	inhibitor
1920	PTGS1	ASPIRIN	inhibitor
1921	PTGS1	INDOMETHACIN	inhibitor
1922	PTGS1	OXAPROZIN	inhibitor
1923	PTGS1	FENOPROFEN	inhibitor
1924	PTGS1	PHENYLBUTAZONE	inhibitor
1925	PTGS1	MESALAMINE	inhibitor
1926	PTGS1	PIROXICAM	inhibitor
1927	PTGS1	KETOROLAC	inhibitor
1928	PTGS1	SUPROFEN	inhibitor
1929	PTGS1	DICLOFENAC	inhibitor
1930	PTGS1	IBUPROFEN	inhibitor
1931	PTGS1	NAPROXEN	inhibitor
1932	PTGS1	ETODOLAC	inhibitor
1933	PTGS1	FLURBIPROFEN	inhibitor
1934	PTGS1	SULFASALAZINE	inhibitor
1935	PTGS1	NABUMETONE	inhibitor
1936	PTGS1	BALSALAZIDE	inhibitor
1937	PTGS1	KETOPROFEN	inhibitor
1938	PTGS1	MELOXICAM	inhibitor
1939	PTGS1	SULINDAC	inhibitor
1940	PTGS1	DICLOFENAC EPOLAMINE	inhibitor
1941	PTGS1	IBUPROFEN LYSINE	inhibitor
1942	PTGS1	DICLOFENAC SODIUM	inhibitor
1943	PTGS1	TOLMETIN SODIUM	inhibitor
1944	PTGS1	DICLOFENAC POTASSIUM	inhibitor
1945	PTGS1	IBUPROFEN SODIUM	inhibitor
1946	PTGS1	MECLOFENAMATE SODIUM	inhibitor
1947	PTGS1	CELECOXIB	inhibitor
1948	PTGS1	NAPROXCINOD	inhibitor
1949	PTGS1	KETOROLAC TROMETHAMINE	inhibitor
1950	PTGS1	NIMESULIDE	inhibitor
1951	PTGS1	GW-406381	inhibitor
1952	PTGS1	NEPAFENAC	inhibitor
1953	PTGS1	ACETAMINOPHEN	inhibitor
1954	PTGS1	DIFLUNISAL	inhibitor
1955	PTGS1	TOLMETIN	inhibitor
1956	PTGS1	BROMFENAC	inhibitor
1957	PTGS1	MEFENAMIC ACID	inhibitor
1958	PTGS1	TENOXICAM	inhibitor
1959	PTGS1	SALSALATE	inhibitor
1960	PTGS1	BROMFENAC SODIUM	inhibitor
1961	PTGS1	NAPROXEN SODIUM	inhibitor
1962	PTGS1	OXYPHENBUTAZONE	inhibitor
1963	PTGS1	FLURBIPROFEN SODIUM	inhibitor
1964	PTGS1	BALSALAZIDE DISODIUM	inhibitor
1965	PTGS1	SC-560	inhibitor
1966	PTGS1	OXAPROZIN POTASSIUM	inhibitor
1967	PTGS1	AMINOSALICYLATE POTASSIUM	inhibitor
1968	PTGS1	OLSALAZINE SODIUM	inhibitor
1969	PTGS1	BISMUTH SUBSALICYLATE	inhibitor
1970	PTGS1	FENOPROFEN CALCIUM	inhibitor
1971	PTGS1	AMINOSALICYLATE SODIUM	inhibitor
1972	PTGS1	NAPROXEN ETEMESIL	inhibitor
1973	DPYD	GIMERACIL	inhibitor
1974	POLB	CYTARABINE	inhibitor
1975	PIM1	RUBOXISTAURIN	inhibitor
1976	PIM1	SILMITASERTIB	inhibitor
1977	PIM1	SGI-1776	inhibitor
1978	PIM1	LGH-447	inhibitor
1979	PIM1	AZD-1208	inhibitor
1980	PIM1	VORUCICLIB	inhibitor
1981	STAT5B	DASATINIB	inhibitor
1982	TEK	MERESTINIB	inhibitor
1983	TEK	ALTIRATINIB	inhibitor
1984	TEK	REGORAFENIB	inhibitor
1985	TEK	FORETINIB	inhibitor
1986	TEK	LINIFANIB	inhibitor
1987	TEK	CE-245677	inhibitor
1988	TEK	PEXMETINIB	inhibitor
1989	TEK	CEP-11981	inhibitor
1990	TEK	VANDETANIB	inhibitor
1991	TEK	MGCD-265	inhibitor
1992	TEK	GLESATINIB	inhibitor
1993	PTK2B	HESPERADIN	inhibitor
1994	PTK2B	BARICITINIB	inhibitor
1995	PTK2B	ALOISINE	inhibitor
1996	PTK2B	PF-00562271	inhibitor
1997	PTK2B	DEFACTINIB	inhibitor
1998	PLA2G2A	VARESPLADIB	inhibitor
1999	PLA2G2A	VARESPLADIB METHYL	inhibitor
2000	CASP1	EMRICASAN	inhibitor
2001	CASP1	PRALNACASAN	inhibitor
2002	CASP1	NIVOCASAN	inhibitor
2003	CASP1	AMMONIUM TRICHLOROTELLURATE	inhibitor
2004	FGFR4	PONATINIB	inhibitor
2005	FGFR4	ERDAFITINIB	inhibitor
2006	FGFR4	FGF401	inhibitor
2007	FGFR4	CP-459632	inhibitor
2008	FGFR4	FUTIBATINIB	inhibitor
2009	FGFR4	BRIVANIB ALANINATE	inhibitor
2010	FGFR4	XL-999	inhibitor
2011	FGFR4	ORANTINIB	inhibitor
2012	FGFR4	NINTEDANIB	inhibitor
2013	FGFR4	BRIVANIB	inhibitor
2014	FGFR4	HESPERADIN	inhibitor
2015	FGFR4	ENMD-981693	inhibitor
2016	FGFR4	AZD-4547	inhibitor
2017	FGFR4	DERAZANTINIB	inhibitor
2018	FGFR4	INFIGRATINIB	inhibitor
2019	FGFR4	DEBIO-1347	inhibitor
2020	FGFR4	NINTEDANIB ESYLATE	inhibitor
2021	FGFR4	LY-2874455	inhibitor
2022	FGFR4	ROGARATINIB	inhibitor
2023	ACHE	AMBENONIUM	inhibitor
2024	ACHE	DONEPEZIL	inhibitor
2025	ACHE	TACRINE	inhibitor
2026	ACHE	NEOSTIGMINE	inhibitor
2027	ACHE	PHYSOSTIGMINE	inhibitor
2028	ACHE	RIVASTIGMINE	inhibitor
2029	ACHE	DEMECARIUM BROMIDE	inhibitor
2030	ACHE	ECHOTHIOPHATE	inhibitor
2031	ACHE	PYRIDOSTIGMINE BROMIDE	inhibitor
2032	ACHE	ISOFLUROPHATE	inhibitor
2033	ACHE	GALANTAMINE	inhibitor
2034	ACHE	EDROPHONIUM	inhibitor
2035	ACHE	ITOPRIDE	inhibitor
2036	ACHE	GALANTAMINE HYDROBROMIDE	inhibitor
2037	ACHE	DONEPEZIL HYDROCHLORIDE	inhibitor
2038	ACHE	AMBENONIUM CHLORIDE	inhibitor
2039	ACHE	TACRINE HYDROCHLORIDE	inhibitor
2040	ACHE	NEOSTIGMINE METHYLSULFATE	inhibitor
2041	ACHE	ECHOTHIOPHATE IODIDE	inhibitor
2042	ACHE	EDROPHONIUM CHLORIDE	inhibitor
2043	ACHE	RIVASTIGMINE TARTRATE	inhibitor
2044	ACHE	HEXAFLUORENIUM BROMIDE	inhibitor
2045	NFKB2	BORTEZOMIB	inhibitor
2046	CYP24A1	CHEMBL255088	inhibitor
2047	MMP8	DOXYCYCLINE	inhibitor
2048	MMP8	DOXYCYCLINE HYCLATE	inhibitor
2049	MMP8	DOXYCYCLINE	inhibitor
2050	MMP8	DOXYCYCLINE CALCIUM	inhibitor
2051	MMP8	CGS-27023A	inhibitor
2052	ADAM12	ILOMASTAT	inhibitor
2053	FLT4	LENVATINIB	inhibitor
2054	FLT4	AXITINIB	inhibitor
2055	FLT4	SEMAXANIB	inhibitor
2056	FLT4	TESEVATINIB	inhibitor
2057	FLT4	SU-014813	inhibitor
2058	FLT4	KRN-633	inhibitor
2059	FLT4	NINTEDANIB ESYLATE	inhibitor
2060	FLT4	ILORASERTIB	inhibitor
2061	FLT4	ENMD-2076	inhibitor
2062	FLT4	SUNITINIB MALATE	inhibitor
2063	FLT4	SITRAVATINIB	inhibitor
2064	FLT4	BRIVANIB ALANINATE	inhibitor
2065	FLT4	XL-820	inhibitor
2066	FLT4	TELATINIB	inhibitor
2067	FLT4	SURUFATINIB	inhibitor
2068	FLT4	JNJ-26483327	inhibitor
2069	FLT4	CHIAURANIB	inhibitor
2070	FLT4	TIVOZANIB	inhibitor
2071	FLT4	GLESATINIB	inhibitor
2072	FLT4	REGORAFENIB	inhibitor
2073	FLT4	MK-2461	inhibitor
2074	FLT4	CC-223	inhibitor
2075	FLT4	TAFETINIB	inhibitor
2076	FLT4	VANDETANIB	inhibitor
2077	FLT4	XL-999	inhibitor
2078	FLT4	FORETINIB	inhibitor
2079	FLT4	X-82	inhibitor
2080	FLT4	PAZOPANIB	inhibitor
2081	FLT4	SUNITINIB	inhibitor
2082	FLT4	NINTEDANIB	inhibitor
2083	FLT4	VATALANIB	inhibitor
2084	FLT4	CEP-5214	inhibitor
2085	FLT4	MGCD-265	inhibitor
2086	FLT4	RABEPRAZOLE SODIUM	inhibitor
2087	FLT4	BRIVANIB	inhibitor
2088	FLT4	BMS-690514	inhibitor
2089	FLT4	SORAFENIB TOSYLATE	inhibitor
2090	FLT4	PAZOPANIB HYDROCHLORIDE	inhibitor
2091	FLT4	CEDIRANIB	inhibitor
2092	FLT4	ORANTINIB	inhibitor
2093	FLT4	PEXMETINIB	inhibitor
2094	FLT4	AG-13958	inhibitor
2095	FLT4	DOVITINIB	inhibitor
2096	FLT4	MOTESANIB	inhibitor
2097	FLT4	LENVATINIB MESYLATE	inhibitor
2098	FLT4	4SC-203	inhibitor
2099	FLT4	CEP-7055	inhibitor
2100	FLT4	TAK-593	inhibitor
2101	FLT4	OSI-930	inhibitor
2102	FLT4	LINIFANIB	inhibitor
2103	FLT4	LUCITANIB	inhibitor
2104	FLT4	CEP-11981	inhibitor
2105	FLT4	L-21649	inhibitor
2106	FLT4	CP-459632	inhibitor
2107	FLT4	RG-1530	inhibitor
2108	FLT4	FAMITINIB	inhibitor
2109	FLT4	FRUQUINTINIB	inhibitor
2110	FLT4	ANLOTINIB	inhibitor
2111	FOLH1	DOCETAXEL	inhibitor
2112	PDE4D	ROLIPRAM	inhibitor
2113	PDE4D	DYPHYLLINE	inhibitor
2114	PDE4D	CRISABOROLE	inhibitor
2115	PDE4D	THEOPHYLLINE SODIUM GLYCINATE	inhibitor
2116	PDE4D	CDP840	inhibitor
2117	PDE4D	AMINOPHYLLINE	inhibitor
2118	PDE4D	AMLEXANOX	inhibitor
2119	PDE4D	DIFAMILAST	inhibitor
2120	PDE4D	FLAVOXATE HYDROCHLORIDE	inhibitor
2121	PDE4D	DIPYRIDAMOLE	inhibitor
2122	PDE4D	OXTRIPHYLLINE	inhibitor
2123	PDE4D	ROFLUMILAST	inhibitor
2124	PDE4D	PENTOXIFYLLINE	inhibitor
2125	PDE4D	THEOPHYLLINE	inhibitor
2126	SCN9A	RANOLAZINE	inhibitor
2127	NAT1	IMIPRAMINE HYDROCHLORIDE	inhibitor
2128	NAT1	MAPROTILINE HYDROCHLORIDE	inhibitor
2129	NAT1	FAXELADOL	inhibitor
2130	NAT1	DESIPRAMINE HYDROCHLORIDE	inhibitor
2131	NAT1	BUPROPION HYDROCHLORIDE	inhibitor
2132	NAT1	NORTRIPTYLINE HYDROCHLORIDE	inhibitor
2133	NAT1	DEXMETHYLPHENIDATE HYDROCHLORIDE	inhibitor
2134	NAT1	DIETHYLPROPION HYDROCHLORIDE	inhibitor
2135	NAT1	LIAFENSINE	inhibitor
2136	NAT1	VENLAFAXINE HYDROCHLORIDE	inhibitor
2137	NAT1	ORPHENADRINE CITRATE	inhibitor
2138	NAT1	AMOXAPINE	inhibitor
2139	NAT1	DASOTRALINE	inhibitor
2140	NAT1	DULOXETINE HYDROCHLORIDE	inhibitor
2141	NAT1	TRIMIPRAMINE MALEATE	inhibitor
2142	NAT1	MAZINDOL	inhibitor
2143	NAT1	DESVENLAFAXINE SUCCINATE	inhibitor
2144	NAT1	ATOMOXETINE HYDROCHLORIDE	inhibitor
2145	NAT1	DOXEPIN HYDROCHLORIDE	inhibitor
2146	NAT1	NEFAZODONE HYDROCHLORIDE	inhibitor
2147	NAT1	PROTRIPTYLINE HYDROCHLORIDE	inhibitor
2148	NAT1	LEVOMILNACIPRAN HYDROCHLORIDE	inhibitor
2149	NAT1	AMITRIPTYLINE HYDROCHLORIDE	inhibitor
2150	NAT1	TAPENTADOL HYDROCHLORIDE	inhibitor
2151	NAT1	DESVENLAFAXINE	inhibitor
2152	NAT1	METHAMPHETAMINE HYDROCHLORIDE	inhibitor
2153	NAT1	PHENDIMETRAZINE TARTRATE	inhibitor
2154	NAT1	TEDATIOXETINE	inhibitor
2155	NAT1	BUPROPION HYDROBROMIDE	inhibitor
2156	NAT1	ORPHENADRINE HYDROCHLORIDE	inhibitor
2157	NAT1	SIBUTRAMINE HYDROCHLORIDE	inhibitor
2158	NAT1	ESREBOXETINE	inhibitor
2159	NAT1	PHENMETRAZINE HYDROCHLORIDE	inhibitor
2160	NAT1	METHYLPHENIDATE HYDROCHLORIDE	inhibitor
2161	NAT1	EDIVOXETINE	inhibitor
2162	NAT1	METHYLPHENIDATE	inhibitor
2163	TUBB3	IXABEPILONE	inhibitor
2164	TUBB3	CABAZITAXEL	inhibitor
2165	TUBB3	CROLIBULIN	inhibitor
2166	TUBB3	PLINABULIN	inhibitor
2167	TUBB3	TRASTUZUMAB EMTANSINE	inhibitor
2168	TUBB3	PACLITAXEL	inhibitor
2169	TUBB3	COLCHICINE	inhibitor
2170	TUBB3	LEXIBULIN	inhibitor
2171	TUBB3	VINBLASTINE SULFATE	inhibitor
2172	TUBB3	FOSBRETABULIN DISODIUM	inhibitor
2173	TUBB3	BRENTUXIMAB VEDOTIN	inhibitor
2174	TUBB3	VINCRISTINE SULFATE	inhibitor
2175	TUBB3	VINFLUNINE	inhibitor
2176	TUBB3	DOCETAXEL	inhibitor
2177	TUBB3	ERIBULIN MESYLATE	inhibitor
2178	TUBB3	INDIBULIN	inhibitor
2179	TUBB3	VINORELBINE TARTRATE	inhibitor
2180	HSP90B1	SEMAPIMOD	inhibitor
2181	MAP3K5	SELONSERTIB	inhibitor
2182	CYP27B1	CHEMBL255088	inhibitor
2183	CTSK	ODANACATIB	inhibitor
2184	CTSK	RELACATIB	inhibitor
2185	CTSK	BALICATIB	inhibitor
2186	ENPP2	ZIRITAXESTAT	inhibitor
2187	PDGFB	SUNITINIB	inhibitor
2188	PDGFB	AXITINIB	inhibitor
2189	PDGFB	PEGPLERANIB SODIUM	inhibitor
2190	PDPK1	AR-12	inhibitor
2191	PDPK1	CELECOXIB	inhibitor
2192	PDPK1	CHEMBL1236539	inhibitor
2193	PDPK1	BX-795	inhibitor
2194	PDPK1	CHEMBL1765740	inhibitor
2195	ISG15	IRINOTECAN	inhibitor
2196	BIRC3	CHEMBL481422	inhibitor
2197	TMPRSS2	NAFAMOSTAT	inhibitor
2198	TMPRSS2	CAMOSTAT	inhibitor
2199	AQP3	AUPHEN	inhibitor
2200	CSK	HESPERADIN	inhibitor
2201	CSK	RIVOCERANIB	inhibitor
2202	DDR1	NILOTINIB	inhibitor
2203	DDR1	MERESTINIB	inhibitor
2204	BIRC2	CHEMBL481422	inhibitor
2205	ROCK2	SAR-407899	inhibitor
2206	ROCK2	AT-13148	inhibitor
2207	ROCK2	FASUDIL	inhibitor
2208	ROCK2	VEROSUDIL	inhibitor
2209	ROCK2	Y-39983	inhibitor
2210	ROCK2	AMA0076	inhibitor
2211	ROCK2	DE-104	inhibitor
2212	ROCK2	NETARSUDIL	inhibitor
2213	TYMP	TIPIRACIL HYDROCHLORIDE	inhibitor
2214	PRKD1	SOTRASTAURIN	inhibitor
2215	PRKD1	CEP-2563	inhibitor
2216	PRKD1	MIDOSTAURIN	inhibitor
2217	PRKD1	UCN-01	inhibitor
2218	PRKD1	GSK-690693	inhibitor
2219	PRKD1	QUERCETIN	inhibitor
2220	PRKCI	UCN-01	inhibitor
2221	PRKCI	MIDOSTAURIN	inhibitor
2222	PRKCI	CEP-2563	inhibitor
2223	PRKCI	GSK-690693	inhibitor
2224	PRKCI	STAUROSPORINE	inhibitor
2225	PRKCI	QUERCETIN	inhibitor
2226	PRKCI	SOTRASTAURIN	inhibitor
2227	FAAH	PF-04457845	inhibitor
2228	FAAH	ACETAMINOPHEN	inhibitor
2229	FAAH	URB-597	inhibitor
2230	FAAH	THIOPENTAL	inhibitor
2231	FAAH	JNJ-42165279	inhibitor
2232	KIF11	AZD-4877	inhibitor
2233	KIF11	LITRONESIB	inhibitor
2234	EHMT2	CHEMBL569864	inhibitor
2235	EPHX2	OXAPROZIN	inhibitor
2236	EPHX2	ZAFIRLUKAST	inhibitor
2237	ROS1	ENTRECTINIB	inhibitor
2238	ROS1	GILTERITINIB	inhibitor
2239	ROS1	ASP-3026	inhibitor
2240	ROS1	CRIZOTINIB	inhibitor
2241	ROS1	HESPERADIN	inhibitor
2242	ROS1	LORLATINIB	inhibitor
2243	ROS1	REPOTRECTINIB	inhibitor
2244	MMP12	AZD-1236	inhibitor
2245	MMP12	ILOMASTAT	inhibitor
2246	EGLN1	ROXADUSTAT	inhibitor
2247	EGLN1	DAPRODUSTAT	inhibitor
2248	MST1R	GLESATINIB	inhibitor
2249	MST1R	BMS-777607	inhibitor
2250	MST1R	MK-2461	inhibitor
2251	MST1R	MERESTINIB	inhibitor
2252	MST1R	FORETINIB	inhibitor
2253	MST1R	MGCD-265	inhibitor
2254	MST1R	MK-8033	inhibitor
2255	CCL11	BERTILIMUMAB	inhibitor
2256	MAPK9	RGB-286638	inhibitor
2257	MAPK9	CC-401	inhibitor
2258	MAPK9	PAMAPIMOD	inhibitor
2259	MAPK9	BENTAMAPIMOD	inhibitor
2260	MAPK9	TANZISERTIB	inhibitor
2261	TYK2	TOFACITINIB	inhibitor
2262	TYK2	FEDRATINIB	inhibitor
2263	TYK2	SOLCITINIB	inhibitor
2264	TYK2	AT-9283	inhibitor
2265	TYK2	BARICITINIB	inhibitor
2266	TYK2	FILGOTINIB	inhibitor
2267	TYK2	BREPOCITINIB	inhibitor
2268	TYK2	NS-018	inhibitor
2269	TYK2	HESPERADIN	inhibitor
2270	TYK2	OCLACITINIB	inhibitor
2271	TYK2	RUXOLITINIB	inhibitor
2272	TYK2	BMS-911543	inhibitor
2273	TYK2	UPADACITINIB	inhibitor
2274	TYK2	TOFACITINIB CITRATE	inhibitor
2275	TYK2	CERDULATINIB	inhibitor
2276	TYK2	ZOTIRACICLIB	inhibitor
2277	TYK2	PEFICITINIB	inhibitor
2278	TYK2	DELGOCITINIB	inhibitor
2279	NOTCH4	NIROGACESTAT	inhibitor
2280	NOTCH4	RG-4733	inhibitor
2281	EPHB4	JI-101	inhibitor
2282	EPHB4	VANDETANIB	inhibitor
2283	EPHB4	TESEVATINIB	inhibitor
2284	EPHB4	TG100-801	inhibitor
2285	PIK3CB	NEMIRALISIB	inhibitor
2286	PIK3CB	DS-7423	inhibitor
2287	PIK3CB	WX-037	inhibitor
2288	PIK3CB	AMG-319	inhibitor
2289	PIK3CB	APITOLISIB	inhibitor
2290	PIK3CB	TENALISIB	inhibitor
2291	PIK3CB	INFIGRATINIB	inhibitor
2292	PIK3CB	AZD-6482	inhibitor
2293	PIK3CB	BIMIRALISIB	inhibitor
2294	PIK3CB	RECILISIB	inhibitor
2295	PIK3CB	BGT-226	inhibitor
2296	PIK3CB	ALPELISIB	inhibitor
2297	PIK3CB	ZSTK-474	inhibitor
2298	PIK3CB	CHEMBL1086377	inhibitor
2299	PIK3CB	FIMEPINOSTAT	inhibitor
2300	PIK3CB	SONOLISIB	inhibitor
2301	PIK3CB	IDELALISIB	inhibitor
2302	PIK3CB	TASELISIB	inhibitor
2303	PIK3CB	SELETALISIB	inhibitor
2304	PIK3CB	BUPARLISIB	inhibitor
2305	PIK3CB	GEDATOLISIB	inhibitor
2306	PIK3CB	COPANLISIB	inhibitor
2307	PIK3CB	PA-799	inhibitor
2308	PIK3CB	GSK-2636771	inhibitor
2309	PIK3CB	ACALISIB	inhibitor
2310	PIK3CB	GDC-0077	inhibitor
2311	PIK3CB	SERABELISIB	inhibitor
2312	PIK3CB	GSK-1059615	inhibitor
2313	PIK3CB	DEZAPELISIB	inhibitor
2314	PIK3CB	DACTOLISIB	inhibitor
2315	PIK3CB	QUERCETIN	inhibitor
2316	PIK3CB	SAR-260301	inhibitor
2317	PIK3CB	VS-5584	inhibitor
2318	PIK3CB	OMIPALISIB	inhibitor
2319	PIK3CB	PI-103	inhibitor
2320	PIK3CB	BAY-1082439	inhibitor
2321	PIK3CB	RG-7666	inhibitor
2322	PIK3CB	PICTILISIB	inhibitor
2323	PIK3CB	WORTMANNIN	inhibitor
2324	PIK3CB	AZD-8186	inhibitor
2325	PIK3CB	AZD-8835	inhibitor
2326	PIK3CB	VOXTALISIB	inhibitor
2327	PIK3CB	SAMOTOLISIB	inhibitor
2328	PIK3CB	PF-04691502	inhibitor
2329	PIK3CB	PUQUITINIB	inhibitor
2330	PIK3CB	PANULISIB	inhibitor
2331	PIK3CB	SF-1126	inhibitor
2332	PIK3CB	DUVELISIB	inhibitor
2333	PIK3CB	PWT-33587	inhibitor
2334	PIK3CB	PILARALISIB	inhibitor
2335	ANPEP	TOSEDOSTAT	inhibitor
2336	MERTK	HESPERADIN	inhibitor
2337	MERTK	MK-2461	inhibitor
2338	MERTK	MERESTINIB	inhibitor
2339	MERTK	SITRAVATINIB	inhibitor
2340	MERTK	GILTERITINIB	inhibitor
2341	MERTK	BMS-777607	inhibitor
2342	SLCO1B3	GEMFIBROZIL	inhibitor
2343	SLCO1B3	SILDENAFIL	inhibitor
2344	SLCO1B3	GLYCYRRHIZIN	inhibitor
2345	SLCO1B3	RIFAMPIN	inhibitor
2346	RPS6KA3	HESPERADIN	inhibitor
2347	RPS6KA3	CHEMBL573107	inhibitor
2348	RPS6KA3	AT-9283	inhibitor
2349	PTGS2	RESVERATROL	inhibitor
2350	PTGS2	IBUPROFEN	inhibitor
2351	PTGS2	MELOXICAM	inhibitor
2352	PTGS2	PHENYLBUTAZONE	inhibitor
2353	PTGS2	NEPAFENAC	inhibitor
2354	PTGS2	NIMESULIDE	inhibitor
2355	PTGS2	MECLOFENAMATE SODIUM	inhibitor
2356	PTGS2	NAPROXEN ETEMESIL	inhibitor
2357	PTGS2	OXAPROZIN	inhibitor
2358	PTGS2	KETOPROFEN	inhibitor
2359	PTGS2	SUPROFEN	inhibitor
2360	PTGS2	PIROXICAM	inhibitor
2361	PTGS2	SULINDAC	inhibitor
2362	PTGS2	OXYPHENBUTAZONE	inhibitor
2363	PTGS2	ACETAMINOPHEN	inhibitor
2364	PTGS2	BROMFENAC SODIUM	inhibitor
2365	PTGS2	BALSALAZIDE	inhibitor
2366	PTGS2	IBUPROFEN LYSINE	inhibitor
2367	PTGS2	ETODOLAC	inhibitor
2368	PTGS2	TOLMETIN	inhibitor
2369	PTGS2	AMINOSALICYLATE POTASSIUM	inhibitor
2370	PTGS2	FLURBIPROFEN	inhibitor
2371	PTGS2	NAPROXCINOD	inhibitor
2372	PTGS2	CELECOXIB	inhibitor
2373	PTGS2	CARPROFEN	inhibitor
2374	PTGS2	DICLOFENAC SODIUM	inhibitor
2375	PTGS2	MESALAMINE	inhibitor
2376	PTGS2	ETORICOXIB	inhibitor
2377	PTGS2	SC-560	inhibitor
2378	PTGS2	DIFLUNISAL	inhibitor
2379	PTGS2	SULFASALAZINE	inhibitor
2380	PTGS2	FENOPROFEN CALCIUM	inhibitor
2381	PTGS2	DICLOFENAC EPOLAMINE	inhibitor
2382	PTGS2	NS-398	inhibitor
2383	PTGS2	ESFLURBIPROFEN	inhibitor
2384	PTGS2	FENOPROFEN	inhibitor
2385	PTGS2	VALDECOXIB	inhibitor
2386	PTGS2	BROMFENAC	inhibitor
2387	PTGS2	OLSALAZINE SODIUM	inhibitor
2388	PTGS2	TENOXICAM	inhibitor
2389	PTGS2	BISMUTH SUBSALICYLATE	inhibitor
2390	PTGS2	NABUMETONE	inhibitor
2391	PTGS2	DICLOFENAC	inhibitor
2392	PTGS2	LUMIRACOXIB	inhibitor
2393	PTGS2	NAPROXEN SODIUM	inhibitor
2394	PTGS2	KETOROLAC TROMETHAMINE	inhibitor
2395	PTGS2	ROFECOXIB	inhibitor
2396	PTGS2	INDOMETHACIN	inhibitor
2397	PTGS2	TOLMETIN SODIUM	inhibitor
2398	PTGS2	FLURBIPROFEN SODIUM	inhibitor
2399	PTGS2	OXAPROZIN POTASSIUM	inhibitor
2400	PTGS2	DEXIBUPROFEN	inhibitor
2401	PTGS2	ASPIRIN	inhibitor
2402	PTGS2	KETOROLAC	inhibitor
2403	PTGS2	NAPROXEN	inhibitor
2404	PTGS2	SALSALATE	inhibitor
2405	PTGS2	PARECOXIB	inhibitor
2406	PTGS2	MEFENAMIC ACID	inhibitor
2407	PTGS2	POLMACOXIB	inhibitor
2408	PTGS2	APRICOXIB	inhibitor
2409	PTGS2	DICLOFENAC POTASSIUM	inhibitor
2410	PTGS2	IBUPROFEN SODIUM	inhibitor
2411	PTGS2	BENZQUINAMIDE	inhibitor
2412	PTGS2	GW-406381	inhibitor
2413	PTGS2	BALSALAZIDE DISODIUM	inhibitor
2414	PTGS2	AMINOSALICYLATE SODIUM	inhibitor
2415	MAP2K4	STAUROSPORINE	inhibitor
2416	MAP2K4	COBIMETINIB	inhibitor
2417	MAP2K4	TRAMETINIB	inhibitor
2418	MAP2K4	SELUMETINIB	inhibitor
2419	MAP2K4	BINIMETINIB	inhibitor
2420	AKR1C3	INDOMETHACIN	inhibitor
2421	AKT3	XL-418	inhibitor
2422	AKT3	GSK-690693	inhibitor
2423	AKT3	IPATASERTIB	inhibitor
2424	AKT3	AFURESERTIB	inhibitor
2425	AKT3	LY-2780301	inhibitor
2426	AKT3	UPROSERTIB	inhibitor
2427	AKT3	MK-2201	inhibitor
2428	AKT3	MSC-2363318A	inhibitor
2429	AKT3	OMIPALISIB	inhibitor
2430	AKT3	TRICIRIBINE PHOSPHATE	inhibitor
2431	AKT3	CAPIVASERTIB	inhibitor
2432	AKT3	EVEROLIMUS	inhibitor
2433	AKT3	A-443654	inhibitor
2434	AKT3	AZD-5363	inhibitor
2435	WEE1	ADAVOSERTIB	inhibitor
2436	LOXL2	SIMTUZUMAB	inhibitor
2437	SLC22A1	CLONIDINE	inhibitor
2438	TUBA1A	COLCHICINE	inhibitor
2439	TUBA1A	FOSBRETABULIN DISODIUM	inhibitor
2440	TUBA1A	VINORELBINE TARTRATE	inhibitor
2441	TUBA1A	LEXIBULIN	inhibitor
2442	TUBA1A	TRASTUZUMAB EMTANSINE	inhibitor
2443	TUBA1A	PLINABULIN	inhibitor
2444	TUBA1A	VINBLASTINE SULFATE	inhibitor
2445	TUBA1A	DOCETAXEL	inhibitor
2446	TUBA1A	BRENTUXIMAB VEDOTIN	inhibitor
2447	TUBA1A	INDIBULIN	inhibitor
2448	TUBA1A	CABAZITAXEL	inhibitor
2449	TUBA1A	MEBENDAZOLE	inhibitor
2450	TUBA1A	PACLITAXEL	inhibitor
2451	TUBA1A	VINCRISTINE SULFATE	inhibitor
2452	TUBA1A	CROLIBULIN	inhibitor
2453	TUBA1A	VINFLUNINE	inhibitor
2454	TUBA1A	IXABEPILONE	inhibitor
2455	TUBA1A	ERIBULIN MESYLATE	inhibitor
2456	EPHB2	VANDETANIB	inhibitor
2457	PAK2	STAUROSPORINE	inhibitor
2458	PAK2	PF-03758309	inhibitor
2459	IKBKE	AMLEXANOX	inhibitor
2460	CYP11A1	AMINOGLUTETHIMIDE	inhibitor
2461	CYP11A1	MITOTANE	inhibitor
2462	CPT1A	PERHEXILINE	inhibitor
2463	STS	IROSUSTAT	inhibitor
2464	PAK4	PF-03758309	inhibitor
2465	PAK4	GSK-690693	inhibitor
2466	GLS	TELAGLENASTAT	inhibitor
2467	RRM2	CLADRIBINE	inhibitor
2468	RRM2	GALLIUM NITRATE	inhibitor
2469	RRM2	FLUDARABINE	inhibitor
2470	RRM2	HYDROXYUREA	inhibitor
2471	RRM2	TEZACITABINE	inhibitor
2472	RRM2	GEMCITABINE HYDROCHLORIDE	inhibitor
2473	RRM2	FLUDARABINE PHOSPHATE	inhibitor
2474	RRM2	CLOFARABINE	inhibitor
2475	RRM2	GEMCITABINE	inhibitor
2476	CARM1	BIIB021	inhibitor
2477	MAPKAPK2	AT-13148	inhibitor
2478	CAMK2G	BOSUTINIB	inhibitor
2479	ECE1	DAGLUTRIL	inhibitor
2480	DDC	CARBIDOPA	inhibitor
2481	DDC	BENSERAZIDE	inhibitor
2482	CYP27A1	CHEMBL255088	inhibitor
2483	GSK3A	LITHIUM CITRATE	inhibitor
2484	GSK3A	CHEMBL322970	inhibitor
2485	GSK3A	LITHIUM CARBONATE	inhibitor
2486	GSK3A	CHIR-99021	inhibitor
2487	GSK3A	AZD-1080	inhibitor
2488	GSK3A	LY-2090314	inhibitor
2489	RPTOR	OSI-027	inhibitor
2490	RPTOR	AZD-8055	inhibitor
2491	RPTOR	SAPANISERTIB	inhibitor
2492	LIMK1	VORUCICLIB	inhibitor
2493	TRAP1	LUMINESPIB	inhibitor
2494	BMPR1B	GALUNISERTIB	inhibitor
2495	RIPK3	PONATINIB	inhibitor
2496	CACNA1H	FLUNARIZINE	inhibitor
2497	CACNA1H	ZONISAMIDE	inhibitor
2498	ADAM9	ILOMASTAT	inhibitor
2499	RICTOR	SAPANISERTIB	inhibitor
2500	RICTOR	AZD-8055	inhibitor
2501	RICTOR	OSI-027	inhibitor
2502	CASP6	EMRICASAN	inhibitor
2503	CSNK1E	UMBRALISIB	inhibitor
2504	CSNK1E	IC261	inhibitor
2505	CSNK1E	CHEMBL261454	inhibitor
2506	CSNK1E	CHEMBL1951415	inhibitor
2507	CSNK1E	CHEMBL2069623	inhibitor
2508	PGF	CONBERCEPT	inhibitor
2509	SLC1A5	BENZYLCYSTEINE	inhibitor
2510	CDK7	MILCICLIB	inhibitor
2511	CDK7	TRILACICLIB	inhibitor
2512	CDK7	AT-7519	inhibitor
2513	CDK7	ALVOCIDIB	inhibitor
2514	CDK7	SELICICLIB	inhibitor
2515	CDK7	PHA-793887	inhibitor
2516	CDK7	AZD-5438	inhibitor
2517	CDK7	RONICICLIB	inhibitor
2518	CDK7	BMS-387032	inhibitor
2519	CDK7	RGB-286638	inhibitor
2520	CDK7	ZOTIRACICLIB	inhibitor
2521	CDK7	CT-7001	inhibitor
2522	DDR2	NILOTINIB	inhibitor
2523	DDR2	REGORAFENIB	inhibitor
2524	DDR2	SITRAVATINIB	inhibitor
2525	DDR2	DASATINIB	inhibitor
2526	DDR2	SORAFENIB	inhibitor
2527	DDR2	IMATINIB	inhibitor
2528	PSMD10	BORTEZOMIB	inhibitor
2529	PSMD10	CARFILZOMIB	inhibitor
2530	MAP3K1	E-6201	inhibitor
2531	TPSAB1	GABEXATE	inhibitor
2532	TPSAB1	CHEMBL256892	inhibitor
2533	TPSAB1	NAFAMOSTAT	inhibitor
2534	ODC1	EFLORNITHINE HYDROCHLORIDE	inhibitor
2535	YES1	HESPERADIN	inhibitor
2536	YES1	DASATINIB	inhibitor
2537	YES1	SARACATINIB	inhibitor
2538	YES1	REBASTINIB	inhibitor
2539	YES1	ENMD-981693	inhibitor
2540	YES1	JNJ-26483327	inhibitor
2541	YES1	ILORASERTIB	inhibitor
2542	YES1	AT-9283	inhibitor
2543	YES1	TG100-801	inhibitor
2544	YES1	XL-228	inhibitor
2545	YES1	NINTEDANIB	inhibitor
2546	YES1	IBRUTINIB	inhibitor
2547	YES1	SPEBRUTINIB	inhibitor
2548	HSP90AB1	GELDANAMYCIN	inhibitor
2549	HSP90AB1	GANETESPIB	inhibitor
2550	HSP90AB1	LUMINESPIB	inhibitor
2551	HSP90AB1	RETASPIMYCIN	inhibitor
2552	HSP90AB1	TANESPIMYCIN	inhibitor
2553	HSP90AB1	RETASPIMYCIN HYDROCHLORIDE	inhibitor
2554	HSD3B1	TRILOSTANE	inhibitor
2555	PTK6	VANDETANIB	inhibitor
2556	PIK3R2	PWT-33587	inhibitor
2557	PIK3R2	INFIGRATINIB	inhibitor
2558	PIK3R2	ALPELISIB	inhibitor
2559	PIK3R2	PANULISIB	inhibitor
2560	PIK3R2	QUERCETIN	inhibitor
2561	PIK3R2	RECILISIB	inhibitor
2562	PIK3R2	GSK-1059615	inhibitor
2563	PIK3R2	OMIPALISIB	inhibitor
2564	PIK3R2	DACTOLISIB	inhibitor
2565	PIK3R2	GSK-2636771	inhibitor
2566	PIK3R2	PA-799	inhibitor
2567	PIK3R2	PF-04691502	inhibitor
2568	PIK3R2	VS-5584	inhibitor
2569	PIK3R2	SF-1126	inhibitor
2570	PIK3R2	PUQUITINIB	inhibitor
2571	PIK3R2	PICTILISIB	inhibitor
2572	PIK3R2	TASELISIB	inhibitor
2573	PIK3R2	PILARALISIB	inhibitor
2574	PIK3R2	PI-103	inhibitor
2575	PIK3R2	BUPARLISIB	inhibitor
2576	PIK3R2	BGT-226	inhibitor
2577	PIK3R2	RG-7666	inhibitor
2578	PIK3R2	DS-7423	inhibitor
2579	PIK3R2	APITOLISIB	inhibitor
2580	PIK3R2	VOXTALISIB	inhibitor
2581	PIK3R2	GEDATOLISIB	inhibitor
2582	PIK3R2	AZD-6482	inhibitor
2583	PIK3R2	SONOLISIB	inhibitor
2584	PIK3R2	WX-037	inhibitor
2585	PIK3R2	COPANLISIB	inhibitor
2586	PIK3R2	ZSTK-474	inhibitor
2587	PIK3R2	SAMOTOLISIB	inhibitor
2588	PLK4	HESPERADIN	inhibitor
2589	PLK4	TOZASERTIB	inhibitor
2590	PLK4	CFI-400945	inhibitor
2591	PLK4	AXITINIB	inhibitor
2592	PLK4	RG-1530	inhibitor
2593	SLC18A2	METHAMPHETAMINE	inhibitor
2594	SLC18A2	ALSEROXYLON	inhibitor
2595	SLC18A2	RESERPINE	inhibitor
2596	SLC18A2	TETRABENAZINE	inhibitor
2597	SLC18A2	LISDEXAMFETAMINE DIMESYLATE	inhibitor
2598	SLC18A2	BENZPHETAMINE HYDROCHLORIDE	inhibitor
2599	SLC18A2	MIDOMAFETAMINE	inhibitor
2600	SLC18A2	DESERPIDINE	inhibitor
2601	SLC18A2	AMPHETAMINE	inhibitor
2602	SLC18A2	KETANSERIN	inhibitor
2603	SLC18A2	DEXTROAMPHETAMINE ADIPATE	inhibitor
2604	SLC18A2	DEXTROAMPHETAMINE SULFATE	inhibitor
2605	SLC18A2	RESCINNAMINE	inhibitor
2606	SLC18A2	DEUTETRABENAZINE	inhibitor
2607	SRPK1	HESPERADIN	inhibitor
2608	KCNN3	APAMIN	inhibitor
2609	GGCX	ANISINDIONE	inhibitor
2610	CASP10	EMRICASAN	inhibitor
2611	IMPDH2	THIOGUANINE	inhibitor
2612	IMPDH2	MYCOPHENOLATE MOFETIL	inhibitor
2613	IMPDH2	RIBAVIRIN	inhibitor
2614	IMPDH2	MERIMEPODIB	inhibitor
2615	IMPDH2	MYCOPHENOLIC ACID	inhibitor
2616	IMPDH2	MYCOPHENOLATE MOFETIL HYDROCHLORIDE	inhibitor
2617	CDK8	AZD-5438	inhibitor
2618	CDK8	PONATINIB	inhibitor
2619	CDK8	AT-7519	inhibitor
2620	CDK8	VORUCICLIB	inhibitor
2621	CDK8	LINIFANIB	inhibitor
2622	CDK8	SORAFENIB	inhibitor
2623	CDK8	PHA-793887	inhibitor
2624	CDK8	RONICICLIB	inhibitor
2625	EEF2	DENILEUKIN DIFTITOX	inhibitor
2626	EGLN3	ROXADUSTAT	inhibitor
2627	EGLN3	DAPRODUSTAT	inhibitor
2628	TRPM4	ADENOSINE DIPHOSPHATE	inhibitor
2629	TRPM4	CLOTRIMAZOLE	inhibitor
2630	DOT1L	PINOMETOSTAT	inhibitor
2631	BCL2A1	OBATOCLAX MESYLATE	inhibitor
2632	NDUFA13	NV-128	inhibitor
2633	NDUFA13	ME-344	inhibitor
2634	NDUFA13	METFORMIN HYDROCHLORIDE	inhibitor
2635	PDE4B	DYPHYLLINE	inhibitor
2636	PDE4B	INAMRINONE	inhibitor
2637	PDE4B	IBUDILAST	inhibitor
2638	PDE4B	CAFFEINE	inhibitor
2639	PDE4B	CRISABOROLE	inhibitor
2640	PDE4B	CDP840	inhibitor
2641	PDE4B	OXTRIPHYLLINE	inhibitor
2642	PDE4B	AMINOPHYLLINE	inhibitor
2643	PDE4B	THEOPHYLLINE	inhibitor
2644	PDE4B	ROLIPRAM	inhibitor
2645	PDE4B	ENPROFYLLINE	inhibitor
2646	PDE4B	ROFLUMILAST	inhibitor
2647	PDE4B	PENTOXIFYLLINE	inhibitor
2648	PDE4B	PAPAVERINE	inhibitor
2649	PDE4B	FLAVOXATE HYDROCHLORIDE	inhibitor
2650	PDE4B	DIPYRIDAMOLE	inhibitor
2651	PDE4B	AMLEXANOX	inhibitor
2652	PDE4B	THEOPHYLLINE SODIUM GLYCINATE	inhibitor
2653	SPHK2	ABC-294640	inhibitor
2654	SRD5A1	LEVONORGESTREL	inhibitor
2655	SRD5A1	FINASTERIDE	inhibitor
2656	SRD5A1	DUTASTERIDE	inhibitor
2657	HSD3B2	TRILOSTANE	inhibitor
2658	KCNK2	DOFETILIDE	inhibitor
2659	KCNK2	NORFLUOXETINE	inhibitor
2660	CACNA1D	AMLODIPINE	inhibitor
2661	CACNA1D	NITRENDIPINE	inhibitor
2662	CACNA1D	AZIDOPINE	inhibitor
2663	AQP9	PHLORETIN	inhibitor
2664	PSMB5	CARFILZOMIB	inhibitor
2665	PSMB5	MARIZOMIB	inhibitor
2666	PSMB5	BORTEZOMIB	inhibitor
2667	PSMB5	KZR-616	inhibitor
2668	PSMB5	IXAZOMIB	inhibitor
2669	PSMB5	IXAZOMIB CITRATE	inhibitor
2670	PSMB5	OPROZOMIB	inhibitor
2671	SLC6A1	CHEMBL77287	inhibitor
2672	SLC6A1	TIAGABINE	inhibitor
2673	SLC6A1	TIAGABINE HYDROCHLORIDE	inhibitor
2674	CTH	AMINOETHOXYVINYLGLYCINE	inhibitor
2675	TNK2	BOSUTINIB	inhibitor
2676	SLC22A3	DISPROCYNIUM24	inhibitor
2677	EPHA3	HESPERADIN	inhibitor
2678	EPHA3	VANDETANIB	inhibitor
2679	EPHA3	SITRAVATINIB	inhibitor
2680	PSMC3	BORTEZOMIB	inhibitor
2681	PSMC3	OPROZOMIB	inhibitor
2682	PSMC3	CARFILZOMIB	inhibitor
2683	PSMC3	IXAZOMIB CITRATE	inhibitor
2684	MAP3K11	CEP-1347	inhibitor
2685	EGLN2	ROXADUSTAT	inhibitor
2686	EGLN2	DAPRODUSTAT	inhibitor
2687	FER	HESPERADIN	inhibitor
2688	FDPS	PAMIDRONIC ACID	inhibitor
2689	FDPS	RISEDRONATE SODIUM	inhibitor
2690	FDPS	(CYCLOHEXYLAMINO)METHYLENEDIPHOSPHONIC ACID	inhibitor
2691	FDPS	RISEDRONIC ACID	inhibitor
2692	FDPS	ZOLEDRONIC ACID	inhibitor
2693	FDPS	IBANDRONIC ACID	inhibitor
2694	FDPS	PAMIDRONATE DISODIUM	inhibitor
2695	FDPS	ALENDRONATE SODIUM	inhibitor
2696	FDPS	CHEMBL294192	inhibitor
2697	FDPS	IBANDRONATE SODIUM	inhibitor
2698	FDPS	ALENDRONIC ACID	inhibitor
2699	PKN1	QUERCETIN	inhibitor
2700	PKN1	STAUROSPORINE	inhibitor
2701	PKN1	TOFACITINIB	inhibitor
2702	PSMC4	CARFILZOMIB	inhibitor
2703	PSMC4	BORTEZOMIB	inhibitor
2704	PSMC4	IXAZOMIB CITRATE	inhibitor
2705	PSMC4	OPROZOMIB	inhibitor
2706	BRD2	CHEMBL2153434	inhibitor
2707	BRD2	MOLIBRESIB	inhibitor
2708	CHKA	TCD-717	inhibitor
2709	RPS6KA5	HESPERADIN	inhibitor
2710	RPS6KA5	CHEMBL188434	inhibitor
2711	EPHB6	VANDETANIB	inhibitor
2712	SIRT5	SURAMIN	inhibitor
2713	ACAT1	SULFASALAZINE	inhibitor
2714	PIM2	RUBOXISTAURIN	inhibitor
2715	PIM2	SGI-1776	inhibitor
2716	PIM2	AZD-1208	inhibitor
2717	PIM2	LGH-447	inhibitor
2718	PDGFD	SUNITINIB	inhibitor
2719	SLCO2B1	GEMFIBROZIL	inhibitor
2720	SLCO2B1	GLYBURIDE	inhibitor
2721	SLCO2B1	SILDENAFIL	inhibitor
2722	SLCO2B1	ERLOTINIB	inhibitor
2723	SLCO2B1	VERLUKAST	inhibitor
2724	BMX	IBRUTINIB	inhibitor
2725	BMX	ACALABRUTINIB	inhibitor
2726	ACVR1B	VACTOSERTIB	inhibitor
2727	ACVR1B	GALUNISERTIB	inhibitor
2728	ADRM1	BORTEZOMIB	inhibitor
2729	ADRM1	CARFILZOMIB	inhibitor
2730	ADRM1	OPROZOMIB	inhibitor
2731	ADRM1	IXAZOMIB CITRATE	inhibitor
2732	CDK11B	AZD-5438	inhibitor
2733	CDK11B	PHA-793887	inhibitor
2734	CDK11B	RONICICLIB	inhibitor
2735	CDK11B	AT-7519	inhibitor
2736	MKNK1	DORSOMORPHIN	inhibitor
2737	MKNK1	TOMIVOSERTIB	inhibitor
2738	CSNK2A2	HESPERADIN	inhibitor
2739	CSNK2A2	SILMITASERTIB	inhibitor
2740	PARP2	VELIPARIB	inhibitor
2741	PARP2	TALAZOPARIB	inhibitor
2742	PARP2	TALAZOPARIB TOSYLATE	inhibitor
2743	PARP2	OLAPARIB	inhibitor
2744	PARP2	RUCAPARIB CAMSYLATE	inhibitor
2745	EPHA1	VANDETANIB	inhibitor
2746	PSME1	BORTEZOMIB	inhibitor
2747	PSME1	CARFILZOMIB	inhibitor
2748	MMP26	ILOMASTAT	inhibitor
2749	PSMC6	BORTEZOMIB	inhibitor
2750	PSMC6	IXAZOMIB CITRATE	inhibitor
2751	PSMC6	CARFILZOMIB	inhibitor
2752	PSMC6	OPROZOMIB	inhibitor
2753	DGAT1	PRADIGASTAT	inhibitor
2754	DGAT1	AZD-7687	inhibitor
2755	DGAT1	PF-04620110	inhibitor
2756	CA3	ACETAZOLAMIDE	inhibitor
2757	CA3	ETHOXZOLAMIDE	inhibitor
2758	MAP2K5	BINIMETINIB	inhibitor
2759	MAP2K5	TRAMETINIB	inhibitor
2760	MAP2K5	SELUMETINIB	inhibitor
2761	MAP2K5	COBIMETINIB	inhibitor
2762	CDK12	AT-7519	inhibitor
2763	CDK12	AZD-5438	inhibitor
2764	CDK12	PHA-793887	inhibitor
2765	CDK12	RONICICLIB	inhibitor
2766	SLCO1A2	RIFAMPIN	inhibitor
2767	SLCO1A2	NARINGIN	inhibitor
2768	MT-ND3	METFORMIN HYDROCHLORIDE	inhibitor
2769	MT-ND3	NV-128	inhibitor
2770	MT-ND3	ME-344	inhibitor
2771	PSMA5	OPROZOMIB	inhibitor
2772	PSMA5	BORTEZOMIB	inhibitor
2773	PSMA5	CARFILZOMIB	inhibitor
2774	PSMA5	MARIZOMIB	inhibitor
2775	PSMA5	IXAZOMIB CITRATE	inhibitor
2776	PIK3C2B	SONOLISIB	inhibitor
2777	PIK3C2B	QUERCETIN	inhibitor
2778	PIK3C2B	GEDATOLISIB	inhibitor
2779	PIK3C2B	BUPARLISIB	inhibitor
2780	PIK3C2B	INFIGRATINIB	inhibitor
2781	PIK3C2B	ALPELISIB	inhibitor
2782	PIK3C2B	PICTILISIB	inhibitor
2783	PIK3C2B	DACTOLISIB	inhibitor
2784	PIK3C2B	PILARALISIB	inhibitor
2785	PIK3C2B	APITOLISIB	inhibitor
2786	PIK3C2B	PF-04691502	inhibitor
2787	PIK3C2B	VOXTALISIB	inhibitor
2788	PIK3C2B	GSK-2636771	inhibitor
2789	PIK3C2B	COPANLISIB	inhibitor
2790	PIK3C2B	PI-103	inhibitor
2791	PRKACB	STAUROSPORINE	inhibitor
2792	PRKACB	GSK-690693	inhibitor
2793	PSMD14	BORTEZOMIB	inhibitor
2794	PSMD14	OPROZOMIB	inhibitor
2795	PSMD14	CARFILZOMIB	inhibitor
2796	PSMD14	IXAZOMIB CITRATE	inhibitor
2797	PIM3	LGH-447	inhibitor
2798	PIM3	SGI-1776	inhibitor
2799	PIM3	AZD-1208	inhibitor
2800	FDFT1	CHEMBL1208085	inhibitor
2801	FDFT1	SQ109	inhibitor
2802	FDFT1	LAPAQUISTAT ACETATE	inhibitor
2803	SLC5A8	IBUPROFEN	inhibitor
2804	SLC5A8	FENOPROFEN	inhibitor
2805	SLC5A8	KETOPROFEN	inhibitor
2806	MAPKAP1	AZD-8055	inhibitor
2807	MAPKAP1	SAPANISERTIB	inhibitor
2808	MAPKAP1	OSI-027	inhibitor
2809	PRKD3	GSK-690693	inhibitor
2810	PRKD3	QUERCETIN	inhibitor
2811	PRKD3	SOTRASTAURIN	inhibitor
2812	PRKD3	UCN-01	inhibitor
2813	PRKD3	CEP-2563	inhibitor
2814	PRKD3	MIDOSTAURIN	inhibitor
2815	EPHA7	VANDETANIB	inhibitor
2816	EPHA7	HESPERADIN	inhibitor
2817	AKT1S1	OSI-027	inhibitor
2818	AKT1S1	AZD-8055	inhibitor
2819	AKT1S1	SAPANISERTIB	inhibitor
2820	PDE11A	TADALAFIL	inhibitor
2821	SGPL1	LX-2931	inhibitor
2822	MAPK11	LOSMAPIMOD	inhibitor
2823	MAPK11	TALMAPIMOD	inhibitor
2824	MAPK11	TAK-715	inhibitor
2825	MAPK11	REGORAFENIB	inhibitor
2826	MAPK11	RWJ-67657	inhibitor
2827	MAPK11	NEFLAMAPIMOD	inhibitor
2828	MAPK11	PH-797804	inhibitor
2829	MAPK11	VX-702	inhibitor
2830	MAPK11	PEXMETINIB	inhibitor
2831	MAPK11	DORAMAPIMOD	inhibitor
2832	MAPK11	PAMAPIMOD	inhibitor
2833	CASP5	EMRICASAN	inhibitor
2834	DAPK3	SILMITASERTIB	inhibitor
2835	EHMT1	CHEMBL569864	inhibitor
2836	GRK3	BALANOL	inhibitor
2837	PAK6	PF-03758309	inhibitor
2838	PAK6	GSK-690693	inhibitor
2839	ADH1A	FOMEPIZOLE	inhibitor
2840	ENPEP	TOSEDOSTAT	inhibitor
2841	EPHA5	HESPERADIN	inhibitor
2842	EPHA5	VANDETANIB	inhibitor
2843	HIPK3	SILMITASERTIB	inhibitor
2844	HDAC11	VORINOSTAT	inhibitor
2845	HDAC11	ENTINOSTAT	inhibitor
2846	HDAC11	FIMEPINOSTAT	inhibitor
2847	HDAC11	ROMIDEPSIN	inhibitor
2848	HDAC11	QUISINOSTAT	inhibitor
2849	HDAC11	PANOBINOSTAT LACTATE	inhibitor
2850	HDAC11	MOCETINOSTAT	inhibitor
2851	HDAC11	BELINOSTAT	inhibitor
2852	HDAC11	TACEDINALINE	inhibitor
2853	HDAC11	PANOBINOSTAT	inhibitor
2854	HDAC11	CUDC-101	inhibitor
2855	GPD2	METFORMIN HYDROCHLORIDE	inhibitor
2856	SIK2	DASATINIB	inhibitor
2857	SIK2	BOSUTINIB	inhibitor
2858	HASPIN	SGI-1776	inhibitor
2859	MAP3K12	CEP-1347	inhibitor
2860	MKNK2	TOMIVOSERTIB	inhibitor
2861	XPNPEP2	TOSEDOSTAT	inhibitor
2862	CDK19	PONATINIB	inhibitor
2863	CDK19	AT-7519	inhibitor
2864	CDK19	PHA-793887	inhibitor
2865	CDK19	SORAFENIB	inhibitor
2866	CDK19	PEXIDARTINIB	inhibitor
2867	CDK19	LINIFANIB	inhibitor
2868	CDK19	RONICICLIB	inhibitor
2869	CDK19	AZD-5438	inhibitor
2870	CYP3A43	COBICISTAT	inhibitor
2871	SCN2B	ZONISAMIDE	inhibitor
2872	SRD5A3	DUTASTERIDE	inhibitor
2873	EPHA10	VANDETANIB	inhibitor
2874	AOPEP	TOSEDOSTAT	inhibitor
2875	SRMS	TG100-801	inhibitor
2876	SRMS	ENMD-981693	inhibitor
2877	SRMS	DASATINIB	inhibitor
2878	SRMS	XL-228	inhibitor
2879	SRMS	ILORASERTIB	inhibitor
2880	CDKN3	PHA-793887	inhibitor
2881	CDKN3	AT-7519	inhibitor
2882	CDKN3	AZD-5438	inhibitor
2883	CDKN3	RONICICLIB	inhibitor
